,timestamp,value,score
3031,2021-01-07 20:30:16,10.93,5.8104347504
3032,2021-01-07 20:33:17,10.91,5.8110269297
3033,2021-01-07 20:36:16,10.9,5.8116902758
3034,2021-01-07 20:39:16,10.87,5.8130569452
3035,2021-01-07 20:42:16,10.91,5.8110269297
3040,2021-01-07 20:57:17,10.91,5.8110269297
3041,2021-01-07 21:00:16,10.81,5.8157695163
3042,2021-01-07 21:03:16,10.82,5.8155405366
3043,2021-01-07 21:06:16,10.81,5.8157695163
3044,2021-01-07 21:09:16,10.82,5.8155405366
3045,2021-01-07 21:12:16,10.8,5.8166256929
3046,2021-01-07 21:15:16,10.8,5.8166256929
3047,2021-01-07 21:18:16,10.8,5.8166256929
3048,2021-01-07 21:21:16,10.79,5.817051462
3049,2021-01-07 21:24:16,10.77,5.8177102022
3050,2021-01-07 21:27:16,10.79,5.817051462
3051,2021-01-07 21:30:16,10.79,5.817051462
3052,2021-01-07 21:33:16,10.79,5.817051462
3053,2021-01-07 21:36:17,10.75,5.819388264
3054,2021-01-07 21:39:16,10.69,5.8209807481
3055,2021-01-07 21:42:16,10.7,5.820528733
3056,2021-01-07 21:45:16,10.72,5.8200582342
3057,2021-01-07 21:48:16,10.71,5.8205616955
3058,2021-01-07 21:51:16,10.64,5.822230475
3059,2021-01-07 21:54:17,10.66,5.8209718736
3060,2021-01-07 21:57:16,10.71,5.8205616955
3061,2021-01-07 22:00:16,10.74,5.8194828865
3062,2021-01-07 22:03:16,10.73,5.8202506674
3063,2021-01-07 22:06:16,10.75,5.819388264
3064,2021-01-07 22:09:16,10.76,5.8182147582
3065,2021-01-07 22:12:16,10.76,5.8182147582
3066,2021-01-07 22:15:16,10.77,5.8177102022
3067,2021-01-07 22:18:16,10.76,5.8182147582
3068,2021-01-07 22:21:16,10.79,5.817051462
3069,2021-01-07 22:24:16,10.78,5.817550008
3070,2021-01-07 22:27:16,10.73,5.8202506674
3071,2021-01-07 22:30:17,10.69,5.8209807481
3072,2021-01-07 22:33:16,10.63,5.82280911
3073,2021-01-07 22:36:17,10.57,5.8260033511
3074,2021-01-07 22:39:16,10.59,5.8239678063
3075,2021-01-07 22:42:16,10.57,5.8260033511
3076,2021-01-07 22:45:16,10.56,5.8254158806
3077,2021-01-07 22:48:16,10.58,5.8250266768
3078,2021-01-07 22:51:16,10.62,5.823101689
3079,2021-01-07 22:54:16,10.7,5.820528733
3080,2021-01-07 22:57:16,10.69,5.8209807481
3081,2021-01-07 23:00:16,10.6,5.8234441828
3082,2021-01-07 23:03:16,10.57,5.8260033511
3083,2021-01-07 23:06:16,10.56,5.8254158806
3084,2021-01-07 23:09:16,10.53,5.827312376
3085,2021-01-07 23:12:16,10.55,5.82587069
3086,2021-01-07 23:15:16,10.53,5.827312376
3087,2021-01-07 23:18:16,10.52,5.8276490226
3088,2021-01-07 23:21:16,10.47,5.8295482892
3089,2021-01-07 23:24:16,10.31,5.8365326544
3090,2021-01-07 23:27:16,10.29,5.8382862385
3091,2021-01-07 23:30:16,10.28,5.838304993
3092,2021-01-07 23:33:16,10.28,5.838304993
3093,2021-01-07 23:36:16,10.28,5.838304993
3094,2021-01-07 23:39:16,10.27,5.8386440974
3095,2021-01-07 23:42:16,10.27,5.8386440974
3096,2021-01-07 23:45:16,10.29,5.8382862385
3097,2021-01-07 23:48:16,10.28,5.838304993
3098,2021-01-07 23:51:16,10.28,5.838304993
3099,2021-01-07 23:54:16,10.26,5.8388930882
3100,2021-01-07 23:57:16,10.26,5.8388930882
3101,2021-01-08 00:00:16,10.2,5.8446992507
3102,2021-01-08 00:03:16,10.15,5.8491801396
3103,2021-01-08 00:06:16,10.14,5.8499914233
3104,2021-01-08 00:09:16,10.09,5.8548217248
3105,2021-01-08 00:12:16,10.04,5.8589450731
3106,2021-01-08 00:15:16,10.02,5.8605848189
3107,2021-01-08 00:18:16,10.04,5.8589450731
3108,2021-01-08 00:21:16,10.08,5.8558105311
3109,2021-01-08 00:24:16,10.06,5.8572227789
3110,2021-01-08 00:27:16,9.98,5.8639225398
3111,2021-01-08 00:30:16,9.9,5.8676999409
3112,2021-01-08 00:33:16,9.88,5.8684660966
3113,2021-01-08 00:36:16,9.93,5.8676495761
3114,2021-01-08 00:39:16,9.97,5.8644941507
3115,2021-01-08 00:42:16,9.87,5.8689361644
3116,2021-01-08 00:45:16,9.86,5.8694412718
3117,2021-01-08 00:48:16,9.82,5.8713410571
3118,2021-01-08 00:51:16,9.82,5.8713410571
3119,2021-01-08 00:54:16,9.79,5.8717100122
3120,2021-01-08 00:57:16,9.79,5.8717100122
3121,2021-01-08 01:00:16,9.76,5.8721012981
3122,2021-01-08 01:03:16,9.75,5.8724572644
3123,2021-01-08 01:06:16,9.68,5.8779281091
3124,2021-01-08 01:09:16,9.56,5.8830930002
3125,2021-01-08 01:12:16,9.48,5.8893158108
3126,2021-01-08 01:15:16,9.4,5.894896484
3127,2021-01-08 01:18:16,9.36,5.8976230763
3128,2021-01-08 01:21:16,9.32,5.9002766571
3129,2021-01-08 01:24:16,9.34,5.8990811692
3130,2021-01-08 01:27:16,9.26,5.9057576174
3131,2021-01-08 01:30:16,9.26,5.9057576174
3132,2021-01-08 01:33:16,9.28,5.9038111449
3133,2021-01-08 01:36:16,9.23,5.9082582664
3134,2021-01-08 01:39:16,9.21,5.9098052366
3135,2021-01-08 01:42:16,9.19,5.9113993092
3136,2021-01-08 01:45:16,9.11,5.9174047258
3137,2021-01-08 01:48:16,9.08,5.9179343379
3138,2021-01-08 01:51:16,9.11,5.9174047258
3139,2021-01-08 01:54:16,9.16,5.9129186779
3140,2021-01-08 01:57:16,9.14,5.9153794233
3141,2021-01-08 02:00:16,9.14,5.9153794233
3142,2021-01-08 02:03:16,9.19,5.9113993092
3143,2021-01-08 02:06:16,9.11,5.9174047258
3144,2021-01-08 02:09:16,9.12,5.9165790625
3145,2021-01-08 02:12:16,9.11,5.9174047258
3146,2021-01-08 02:15:16,9.12,5.9165790625
3147,2021-01-08 02:18:16,9.16,5.9129186779
3148,2021-01-08 02:21:16,9.07,5.9182736643
3149,2021-01-08 02:24:16,9.0,5.9230829656
3150,2021-01-08 02:27:16,9.01,5.9221618239
3151,2021-01-08 02:30:16,9.03,5.9207875159
3152,2021-01-08 02:33:16,9.11,5.9174047258
3153,2021-01-08 02:36:16,9.17,5.9126393531
3154,2021-01-08 02:39:16,9.06,5.919038242
3155,2021-01-08 02:42:16,9.06,5.919038242
3156,2021-01-08 02:45:16,8.97,5.9250437874
3157,2021-01-08 02:48:16,8.99,5.923554769
3158,2021-01-08 02:51:16,8.94,5.9271681126
3159,2021-01-08 02:54:16,8.85,5.9316689194
3160,2021-01-08 02:57:16,8.8,5.9331580145
3161,2021-01-08 03:00:15,8.78,5.9343733437
3162,2021-01-08 03:03:16,8.8,5.9331580145
3163,2021-01-08 03:06:16,8.78,5.9343733437
3164,2021-01-08 03:09:16,8.8,5.9331580145
3165,2021-01-08 03:12:16,8.77,5.9349110292
3166,2021-01-08 03:15:16,8.66,5.9405184538
3167,2021-01-08 03:18:16,8.64,5.9415258316
3168,2021-01-08 03:21:16,8.69,5.9382369803
3169,2021-01-08 03:24:16,8.73,5.9359075169
3170,2021-01-08 03:27:16,8.7,5.9378602227
3171,2021-01-08 03:30:15,8.66,5.9405184538
3172,2021-01-08 03:33:16,8.56,5.9458380521
3173,2021-01-08 03:36:15,8.66,5.9405184538
3174,2021-01-08 03:39:16,8.75,5.9353578259
3175,2021-01-08 03:42:16,8.55,5.946124489
3176,2021-01-08 03:45:16,8.52,5.9485952077
3177,2021-01-08 03:48:16,8.5,5.9496826226
3178,2021-01-08 03:51:16,8.5,5.9496826226
3179,2021-01-08 03:54:16,8.44,5.9531486525
3180,2021-01-08 03:57:16,8.38,5.9561912244
3181,2021-01-08 04:00:16,8.3,5.9610672569
3182,2021-01-08 04:03:16,8.39,5.9558315278
3183,2021-01-08 04:06:16,8.38,5.9561912244
3184,2021-01-08 04:09:16,8.35,5.9579033215
3185,2021-01-08 04:12:15,8.33,5.9587897514
3186,2021-01-08 04:15:16,8.34,5.9586950138
3187,2021-01-08 04:18:16,8.34,5.9586950138
3188,2021-01-08 04:21:15,8.34,5.9586950138
3189,2021-01-08 04:24:16,8.34,5.9586950138
3190,2021-01-08 04:27:16,8.3,5.9610672569
3191,2021-01-08 04:30:16,8.31,5.9603890086
3192,2021-01-08 04:33:16,8.3,5.9610672569
3193,2021-01-08 04:36:16,8.27,5.9632580375
3194,2021-01-08 04:39:16,8.26,5.9637663436
3195,2021-01-08 04:42:16,8.25,5.9643432003
3196,2021-01-08 04:45:16,8.25,5.9643432003
3197,2021-01-08 04:48:16,8.24,5.9650289587
3198,2021-01-08 04:51:16,8.29,5.9617954157
3199,2021-01-08 04:54:15,8.31,5.9603890086
3200,2021-01-08 04:57:16,8.39,5.9558315278
3201,2021-01-08 05:00:16,8.43,5.954436095
3202,2021-01-08 05:03:16,8.47,5.9513988338
3203,2021-01-08 05:06:16,8.44,5.9531486525
3204,2021-01-08 05:09:15,8.46,5.9519889375
3205,2021-01-08 05:12:16,8.49,5.9501956779
3206,2021-01-08 05:15:16,8.54,5.9464638366
3207,2021-01-08 05:18:16,8.55,5.946124489
3208,2021-01-08 05:21:16,8.6,5.9438461577
3209,2021-01-08 05:24:16,8.49,5.9501956779
3210,2021-01-08 05:27:15,8.56,5.9458380521
3211,2021-01-08 05:30:16,8.57,5.9452378352
3212,2021-01-08 05:33:16,8.56,5.9458380521
3213,2021-01-08 05:36:16,8.59,5.9451783325
3214,2021-01-08 05:39:16,8.65,5.9410311559
3215,2021-01-08 05:42:16,8.63,5.9423005286
3216,2021-01-08 05:45:16,8.64,5.9415258316
3217,2021-01-08 05:48:16,8.62,5.9427330315
3218,2021-01-08 05:51:16,8.53,5.9477030443
3219,2021-01-08 05:54:16,8.54,5.9464638366
3220,2021-01-08 05:57:16,8.54,5.9464638366
3221,2021-01-08 06:00:15,8.59,5.9451783325
3222,2021-01-08 06:03:16,8.67,5.9403643639
3223,2021-01-08 06:06:15,8.45,5.952547158
3224,2021-01-08 06:09:16,8.34,5.9586950138
3225,2021-01-08 06:12:16,8.31,5.9603890086
3226,2021-01-08 06:15:16,8.29,5.9617954157
3227,2021-01-08 06:18:15,8.29,5.9617954157
3228,2021-01-08 06:21:16,8.26,5.9637663436
3229,2021-01-08 06:24:16,8.24,5.9650289587
3230,2021-01-08 06:27:16,8.15,5.9722802942
3231,2021-01-08 06:30:16,8.1,5.9753923319
3232,2021-01-08 06:33:16,8.16,5.9710261549
3233,2021-01-08 06:36:16,8.07,5.9773351927
3234,2021-01-08 06:39:16,8.07,5.9773351927
3235,2021-01-08 06:42:16,8.07,5.9773351927
3236,2021-01-08 06:45:15,8.03,5.9798090073
3237,2021-01-08 06:48:16,8.04,5.9792011179
3238,2021-01-08 06:51:16,8.06,5.9781229122
3239,2021-01-08 06:54:16,8.12,5.9740419481
3240,2021-01-08 06:57:16,8.12,5.9740419481
3241,2021-01-08 07:00:16,8.19,5.9690666213
3242,2021-01-08 07:03:16,8.18,5.9697197466
3243,2021-01-08 07:06:16,8.17,5.9702417034
3244,2021-01-08 07:09:16,8.13,5.973345846
3245,2021-01-08 07:12:16,8.17,5.9702417034
3246,2021-01-08 07:15:16,8.25,5.9643432003
3247,2021-01-08 07:18:16,8.2,5.9683980568
3248,2021-01-08 07:21:16,8.16,5.9710261549
3249,2021-01-08 07:24:15,8.1,5.9753923319
3250,2021-01-08 07:27:16,8.23,5.9661131409
3251,2021-01-08 07:30:15,8.25,5.9643432003
3252,2021-01-08 07:33:16,8.21,5.9689752106
3253,2021-01-08 07:36:15,8.2,5.9683980568
3254,2021-01-08 07:39:16,8.21,5.9689752106
3255,2021-01-08 07:42:16,8.26,5.9637663436
3256,2021-01-08 07:45:16,8.28,5.9626674583
3257,2021-01-08 07:48:15,8.32,5.959288455
3258,2021-01-08 07:51:16,8.29,5.9617954157
3259,2021-01-08 07:54:15,8.31,5.9603890086
3260,2021-01-08 07:57:16,8.4,5.9555567322
3261,2021-01-08 08:00:15,8.43,5.954436095
3262,2021-01-08 08:03:16,8.49,5.9501956779
3263,2021-01-08 08:06:15,8.52,5.9485952077
3264,2021-01-08 08:09:16,8.53,5.9477030443
3265,2021-01-08 08:12:15,8.47,5.9513988338
3266,2021-01-08 08:15:16,8.54,5.9464638366
3267,2021-01-08 08:18:16,8.54,5.9464638366
3268,2021-01-08 08:21:16,8.58,5.9453497197
3269,2021-01-08 08:24:16,8.29,5.9617954157
3270,2021-01-08 08:27:16,8.35,5.9579033215
3271,2021-01-08 08:30:16,8.36,5.9574822787
3272,2021-01-08 08:33:16,8.46,5.9519889375
3273,2021-01-08 08:36:16,8.47,5.9513988338
3274,2021-01-08 08:39:15,8.48,5.9508073735
3275,2021-01-08 08:42:16,8.41,5.9554075201
3276,2021-01-08 08:45:15,8.38,5.9561912244
3277,2021-01-08 08:48:16,8.35,5.9579033215
3278,2021-01-08 08:51:16,8.37,5.9569689075
3279,2021-01-08 08:54:16,8.39,5.9558315278
3280,2021-01-08 08:57:16,8.33,5.9587897514
3281,2021-01-08 09:00:16,8.34,5.9586950138
3282,2021-01-08 09:03:16,8.37,5.9569689075
3283,2021-01-08 09:06:16,8.45,5.952547158
3284,2021-01-08 09:09:15,8.42,5.9550448287
3285,2021-01-08 09:12:16,8.41,5.9554075201
3286,2021-01-08 09:15:16,8.43,5.954436095
3287,2021-01-08 09:18:16,8.48,5.9508073735
3288,2021-01-08 09:21:16,8.5,5.9496826226
3289,2021-01-08 09:24:16,8.62,5.9427330315
3290,2021-01-08 09:27:16,8.69,5.9382369803
3291,2021-01-08 09:30:16,8.56,5.9458380521
3292,2021-01-08 09:33:16,8.61,5.943195393
3293,2021-01-08 09:36:15,8.62,5.9427330315
3294,2021-01-08 09:39:16,8.68,5.9390040104
3295,2021-01-08 09:42:15,8.73,5.9359075169
3296,2021-01-08 09:45:16,8.71,5.9369849031
3297,2021-01-08 09:48:15,8.67,5.9403643639
3298,2021-01-08 09:51:16,8.66,5.9405184538
3299,2021-01-08 09:54:15,8.56,5.9458380521
3300,2021-01-08 09:57:16,8.67,5.9403643639
3301,2021-01-08 10:00:16,8.72,5.9365018389
3302,2021-01-08 10:03:16,8.53,5.9477030443
3303,2021-01-08 10:06:16,8.59,5.9451783325
3304,2021-01-08 10:09:16,8.38,5.9561912244
3305,2021-01-08 10:12:15,8.39,5.9558315278
3306,2021-01-08 10:15:16,8.39,5.9558315278
3307,2021-01-08 10:18:15,8.36,5.9574822787
3308,2021-01-08 10:21:16,8.33,5.9587897514
3309,2021-01-08 10:24:16,8.32,5.959288455
3310,2021-01-08 10:27:16,8.35,5.9579033215
3311,2021-01-08 10:30:16,8.55,5.946124489
3312,2021-01-08 10:33:16,8.53,5.9477030443
3313,2021-01-08 10:36:16,8.61,5.943195393
3314,2021-01-08 10:39:15,8.64,5.9415258316
3315,2021-01-08 10:42:16,8.69,5.9382369803
3316,2021-01-08 10:45:15,8.75,5.9353578259
3317,2021-01-08 10:48:16,8.8,5.9331580145
3318,2021-01-08 10:51:15,8.81,5.9333105194
3319,2021-01-08 10:54:16,8.79,5.933691554
3320,2021-01-08 10:57:15,8.79,5.933691554
3321,2021-01-08 11:00:16,8.83,5.9324662077
3322,2021-01-08 11:03:16,8.88,5.9298221663
3323,2021-01-08 11:06:15,8.94,5.9271681126
3324,2021-01-08 11:09:15,9.0,5.9230829656
3325,2021-01-08 11:12:15,8.91,5.9289409031
3326,2021-01-08 11:15:16,8.98,5.924154727
3327,2021-01-08 11:18:15,9.06,5.919038242
3328,2021-01-08 11:21:16,9.16,5.9129186779
3329,2021-01-08 11:24:16,9.15,5.9138812787
3330,2021-01-08 11:27:15,9.15,5.9138812787
3331,2021-01-08 11:30:16,8.99,5.923554769
3332,2021-01-08 11:33:16,8.96,5.9260549898
3333,2021-01-08 11:36:16,9.04,5.920210683
3334,2021-01-08 11:39:16,9.09,5.9185013056
3335,2021-01-08 11:42:15,9.01,5.9221618239
3336,2021-01-08 11:45:16,8.94,5.9271681126
3337,2021-01-08 11:48:15,8.92,5.9284194169
3338,2021-01-08 11:51:16,8.94,5.9271681126
3339,2021-01-08 11:54:15,8.98,5.924154727
3340,2021-01-08 11:57:16,9.01,5.9221618239
3341,2021-01-08 12:00:15,9.07,5.9182736643
3342,2021-01-08 12:03:15,9.13,5.9158774406
3343,2021-01-08 12:06:16,9.08,5.9179343379
3344,2021-01-08 12:09:15,9.07,5.9182736643
3345,2021-01-08 12:12:16,9.04,5.920210683
3346,2021-01-08 12:15:15,8.93,5.9277720935
3347,2021-01-08 12:18:16,8.89,5.9293945852
3348,2021-01-08 12:21:16,8.83,5.9324662077
3349,2021-01-08 12:24:16,8.93,5.9277720935
3350,2021-01-08 12:27:16,8.87,5.9303768046
3351,2021-01-08 12:30:15,8.8,5.9331580145
3352,2021-01-08 12:33:16,8.78,5.9343733437
3353,2021-01-08 12:36:15,8.76,5.9350411408
3354,2021-01-08 12:39:16,8.77,5.9349110292
3355,2021-01-08 12:42:15,8.74,5.9357024147
3356,2021-01-08 12:45:16,8.76,5.9350411408
3357,2021-01-08 12:48:15,8.78,5.9343733437
3358,2021-01-08 12:51:16,8.8,5.9331580145
3359,2021-01-08 12:54:16,8.79,5.933691554
3360,2021-01-08 12:57:15,8.81,5.9333105194
3361,2021-01-08 13:00:16,8.8,5.9331580145
3362,2021-01-08 13:03:15,8.78,5.9343733437
3363,2021-01-08 13:06:16,8.8,5.9331580145
3364,2021-01-08 13:09:15,8.77,5.9349110292
3365,2021-01-08 13:12:16,8.72,5.9365018389
3366,2021-01-08 13:15:15,8.76,5.9350411408
3367,2021-01-08 13:18:16,8.78,5.9343733437
3368,2021-01-08 13:21:15,8.8,5.9331580145
3369,2021-01-08 13:24:16,8.75,5.9353578259
3370,2021-01-08 13:27:15,8.71,5.9369849031
3371,2021-01-08 13:30:16,8.72,5.9365018389
3372,2021-01-08 13:33:16,8.67,5.9403643639
3373,2021-01-08 13:36:16,8.73,5.9359075169
3374,2021-01-08 13:39:16,8.73,5.9359075169
3375,2021-01-08 13:42:15,8.73,5.9359075169
3376,2021-01-08 13:45:16,8.72,5.9365018389
3377,2021-01-08 13:48:15,8.76,5.9350411408
3378,2021-01-08 13:51:16,8.75,5.9353578259
3379,2021-01-08 13:54:15,8.75,5.9353578259
3380,2021-01-08 13:57:16,8.76,5.9350411408
3381,2021-01-08 14:00:15,8.78,5.9343733437
3382,2021-01-08 14:03:16,8.8,5.9331580145
3383,2021-01-08 14:06:15,8.87,5.9303768046
3384,2021-01-08 14:09:15,8.8,5.9331580145
3385,2021-01-08 14:12:15,8.8,5.9331580145
3386,2021-01-08 14:15:16,8.84,5.9322965416
3387,2021-01-08 14:18:15,8.77,5.9349110292
3388,2021-01-08 14:21:16,8.75,5.9353578259
3389,2021-01-08 14:24:16,8.78,5.9343733437
3390,2021-01-08 14:27:15,8.81,5.9333105194
3391,2021-01-08 14:30:16,8.78,5.9343733437
3392,2021-01-08 14:33:15,8.75,5.9353578259
3393,2021-01-08 14:36:16,8.73,5.9359075169
3394,2021-01-08 14:39:16,8.76,5.9350411408
3395,2021-01-08 14:42:16,8.76,5.9350411408
3396,2021-01-08 14:45:16,8.74,5.9357024147
3397,2021-01-08 14:48:16,8.73,5.9359075169
3398,2021-01-08 14:51:16,8.75,5.9353578259
3399,2021-01-08 14:54:15,8.7,5.9378602227
3400,2021-01-08 14:57:16,8.73,5.9359075169
3401,2021-01-08 15:00:15,8.69,5.9382369803
3402,2021-01-08 15:03:16,8.76,5.9350411408
3403,2021-01-08 15:06:15,8.74,5.9357024147
3404,2021-01-08 15:09:16,8.71,5.9369849031
3405,2021-01-08 15:12:15,8.73,5.9359075169
3406,2021-01-08 15:15:16,8.71,5.9369849031
3407,2021-01-08 15:18:15,8.78,5.9343733437
3408,2021-01-08 15:21:16,8.75,5.9353578259
3409,2021-01-08 15:24:15,8.69,5.9382369803
3410,2021-01-08 15:27:16,8.66,5.9405184538
3411,2021-01-08 15:30:15,8.56,5.9458380521
3412,2021-01-08 15:33:15,8.56,5.9458380521
3413,2021-01-08 15:36:16,8.55,5.946124489
3414,2021-01-08 15:39:15,8.54,5.9464638366
3415,2021-01-08 15:42:16,8.56,5.9458380521
3416,2021-01-08 15:45:15,8.53,5.9477030443
3417,2021-01-08 15:48:16,8.52,5.9485952077
3418,2021-01-08 15:51:15,8.56,5.9458380521
3419,2021-01-08 15:54:16,8.55,5.946124489
3420,2021-01-08 15:57:15,8.59,5.9451783325
3421,2021-01-08 16:00:16,8.65,5.9410311559
3422,2021-01-08 16:03:15,8.66,5.9405184538
3423,2021-01-08 16:06:16,8.71,5.9369849031
3424,2021-01-08 16:09:15,8.74,5.9357024147
3425,2021-01-08 16:12:16,8.77,5.9349110292
3426,2021-01-08 16:15:15,8.79,5.933691554
3427,2021-01-08 16:18:16,8.78,5.9343733437
3428,2021-01-08 16:21:15,8.75,5.9353578259
3429,2021-01-08 16:24:16,8.76,5.9350411408
3430,2021-01-08 16:27:15,8.78,5.9343733437
3431,2021-01-08 16:30:15,8.81,5.9333105194
3432,2021-01-08 16:33:16,8.82,5.9327968731
3433,2021-01-08 16:36:15,8.82,5.9327968731
3434,2021-01-08 16:39:16,8.8,5.9331580145
3435,2021-01-08 16:42:15,8.77,5.9349110292
3436,2021-01-08 16:45:16,8.8,5.9331580145
3437,2021-01-08 16:48:15,8.78,5.9343733437
3438,2021-01-08 16:51:16,8.77,5.9349110292
3439,2021-01-08 16:54:15,8.75,5.9353578259
3440,2021-01-08 16:57:16,8.76,5.9350411408
3441,2021-01-08 17:00:15,8.78,5.9343733437
3442,2021-01-08 17:03:16,8.78,5.9343733437
3443,2021-01-08 17:06:15,8.79,5.933691554
3444,2021-01-08 17:09:15,8.78,5.9343733437
3445,2021-01-08 17:12:15,8.81,5.9333105194
3446,2021-01-08 17:15:16,8.82,5.9327968731
3447,2021-01-08 17:18:15,8.8,5.9331580145
3448,2021-01-08 17:21:16,8.83,5.9324662077
3449,2021-01-08 17:24:15,8.83,5.9324662077
3450,2021-01-08 17:27:16,8.89,5.9293945852
3451,2021-01-08 17:30:15,8.88,5.9298221663
3452,2021-01-08 17:33:15,8.91,5.9289409031
3453,2021-01-08 17:36:15,8.93,5.9277720935
3454,2021-01-08 17:39:15,9.0,5.9230829656
3455,2021-01-08 17:42:16,9.02,5.9213665714
3456,2021-01-08 17:45:15,9.06,5.919038242
3457,2021-01-08 17:48:16,9.03,5.9207875159
3458,2021-01-08 17:51:15,9.04,5.920210683
3459,2021-01-08 17:54:16,9.07,5.9182736643
3460,2021-01-08 17:57:16,9.08,5.9179343379
3461,2021-01-08 18:00:15,9.09,5.9185013056
3462,2021-01-08 18:03:16,9.13,5.9158774406
3463,2021-01-08 18:06:15,9.18,5.9120119175
3464,2021-01-08 18:09:16,9.24,5.907397433
3465,2021-01-08 18:12:15,9.27,5.9047553892
3466,2021-01-08 18:15:15,9.27,5.9047553892
3467,2021-01-08 18:18:16,9.28,5.9038111449
3468,2021-01-08 18:21:15,9.27,5.9047553892
3469,2021-01-08 18:24:15,9.29,5.9031110543
3470,2021-01-08 18:27:15,9.33,5.8997368108
3471,2021-01-08 18:30:16,9.35,5.8982315842
3472,2021-01-08 18:33:15,9.33,5.8997368108
3473,2021-01-08 18:36:16,9.34,5.8990811692
3474,2021-01-08 18:39:15,9.42,5.8930423872
3475,2021-01-08 18:42:16,9.33,5.8997368108
3476,2021-01-08 18:45:15,9.27,5.9047553892
3477,2021-01-08 18:48:16,9.25,5.906594474
3478,2021-01-08 18:51:15,9.24,5.907397433
3479,2021-01-08 18:54:16,9.24,5.907397433
3480,2021-01-08 18:57:15,9.21,5.9098052366
3481,2021-01-08 19:00:16,9.16,5.9129186779
3482,2021-01-08 19:03:15,9.25,5.906594474
3483,2021-01-08 19:06:16,9.31,5.9012838156
3484,2021-01-08 19:09:15,9.32,5.9002766571
3485,2021-01-08 19:12:16,9.33,5.8997368108
3486,2021-01-08 19:15:15,9.35,5.8982315842
3487,2021-01-08 19:18:15,9.4,5.894896484
3488,2021-01-08 19:21:15,9.38,5.8961403036
3489,2021-01-08 19:24:15,9.47,5.8889478512
3490,2021-01-08 19:27:15,9.46,5.8900310147
3491,2021-01-08 19:30:16,9.44,5.8914831375
3492,2021-01-08 19:33:15,9.49,5.888028252
3493,2021-01-08 19:36:16,9.49,5.888028252
3494,2021-01-08 19:39:15,9.49,5.888028252
3495,2021-01-08 19:42:16,9.53,5.8858510134
3496,2021-01-08 19:45:15,9.55,5.8841128013
3497,2021-01-08 19:48:16,9.57,5.8828844787
3498,2021-01-08 19:51:15,9.45,5.8905818057
3499,2021-01-08 19:54:16,9.43,5.8923466032
3500,2021-01-08 19:57:15,9.39,5.8954706419
3501,2021-01-08 20:00:16,9.43,5.8923466032
3502,2021-01-08 20:03:15,9.31,5.9012838156
3503,2021-01-08 20:06:16,9.3,5.9022692763
3504,2021-01-08 20:09:15,9.3,5.9022692763
3505,2021-01-08 20:12:15,9.33,5.8997368108
3506,2021-01-08 20:15:15,9.38,5.8961403036
3507,2021-01-08 20:18:15,9.31,5.9012838156
3508,2021-01-08 20:21:16,9.34,5.8990811692
3509,2021-01-08 20:24:15,9.3,5.9022692763
3510,2021-01-08 20:27:15,9.33,5.8997368108
3511,2021-01-08 20:30:15,9.34,5.8990811692
3512,2021-01-08 20:33:16,9.36,5.8976230763
3513,2021-01-08 20:36:15,9.4,5.894896484
3514,2021-01-08 20:39:16,9.43,5.8923466032
3515,2021-01-08 20:42:15,9.45,5.8905818057
3516,2021-01-08 20:45:15,9.45,5.8905818057
3517,2021-01-08 20:48:15,9.45,5.8905818057
3518,2021-01-08 20:51:16,9.47,5.8889478512
3519,2021-01-08 20:54:15,9.47,5.8889478512
3520,2021-01-08 20:57:16,9.49,5.888028252
3521,2021-01-08 21:00:15,9.53,5.8858510134
3522,2021-01-08 21:03:16,9.51,5.8875151542
3523,2021-01-08 21:06:15,9.5,5.8883279744
3524,2021-01-08 21:09:15,9.48,5.8893158108
3525,2021-01-08 21:12:15,9.53,5.8858510134
3526,2021-01-08 21:15:16,9.52,5.886482464
3527,2021-01-08 21:18:15,9.53,5.8858510134
3528,2021-01-08 21:21:16,9.54,5.8847631522
3529,2021-01-08 21:24:15,9.58,5.8826853813
3530,2021-01-08 21:27:15,9.57,5.8828844787
3531,2021-01-08 21:30:15,9.57,5.8828844787
3532,2021-01-08 21:33:15,9.62,5.8805623664
3533,2021-01-08 21:36:15,9.55,5.8841128013
3534,2021-01-08 21:39:15,9.6,5.8820872831
3535,2021-01-08 21:42:16,9.52,5.886482464
3536,2021-01-08 21:45:15,9.55,5.8841128013
3537,2021-01-08 21:48:16,9.51,5.8875151542
3538,2021-01-08 21:51:15,9.52,5.886482464
3539,2021-01-08 21:54:16,9.54,5.8847631522
3540,2021-01-08 21:57:15,9.51,5.8875151542
3541,2021-01-08 22:00:15,9.54,5.8847631522
3542,2021-01-08 22:03:15,9.49,5.888028252
3543,2021-01-08 22:06:16,9.51,5.8875151542
3544,2021-01-08 22:09:15,9.45,5.8905818057
3545,2021-01-08 22:12:16,9.47,5.8889478512
3546,2021-01-08 22:15:15,9.48,5.8893158108
3547,2021-01-08 22:18:15,9.5,5.8883279744
3548,2021-01-08 22:21:15,9.5,5.8883279744
3549,2021-01-08 22:24:15,9.51,5.8875151542
3550,2021-01-08 22:27:15,9.57,5.8828844787
3551,2021-01-08 22:30:15,9.57,5.8828844787
3552,2021-01-08 22:33:15,9.6,5.8820872831
3553,2021-01-08 22:36:15,9.58,5.8826853813
3554,2021-01-08 22:39:15,9.62,5.8805623664
3555,2021-01-08 22:42:15,9.61,5.8814646588
3556,2021-01-08 22:45:15,9.61,5.8814646588
3557,2021-01-08 22:48:15,9.64,5.8795165625
3558,2021-01-08 22:51:16,9.61,5.8814646588
3559,2021-01-08 22:54:15,9.6,5.8820872831
3560,2021-01-08 22:57:16,9.61,5.8814646588
3561,2021-01-08 23:00:15,9.56,5.8830930002
3562,2021-01-08 23:03:15,9.55,5.8841128013
3563,2021-01-08 23:06:16,9.59,5.8824356855
3564,2021-01-08 23:09:16,9.67,5.8780184868
3565,2021-01-08 23:12:16,9.7,5.8761093244
3566,2021-01-08 23:15:15,9.75,5.8724572644
3567,2021-01-08 23:18:15,9.74,5.8724610646
3568,2021-01-08 23:21:15,9.76,5.8721012981
3569,2021-01-08 23:24:15,9.75,5.8724572644
3570,2021-01-08 23:27:15,9.76,5.8721012981
3571,2021-01-08 23:30:15,9.75,5.8724572644
3572,2021-01-08 23:33:15,9.74,5.8724610646
3573,2021-01-08 23:36:15,9.71,5.8755875019
3574,2021-01-08 23:39:16,9.71,5.8755875019
3575,2021-01-08 23:42:15,9.71,5.8755875019
3576,2021-01-08 23:45:16,9.71,5.8755875019
3577,2021-01-08 23:48:15,9.71,5.8755875019
3578,2021-01-08 23:51:15,9.73,5.8735129113
3579,2021-01-08 23:54:15,9.76,5.8721012981
3580,2021-01-08 23:57:15,9.77,5.8720316111
3581,2021-01-09 00:00:15,9.77,5.8720316111
3582,2021-01-09 00:03:15,9.74,5.8724610646
3583,2021-01-09 00:06:15,9.73,5.8735129113
3584,2021-01-09 00:09:15,9.71,5.8755875019
3585,2021-01-09 00:12:16,9.67,5.8780184868
3586,2021-01-09 00:15:16,9.62,5.8805623664
3587,2021-01-09 00:18:15,9.62,5.8805623664
3588,2021-01-09 00:21:15,9.65,5.879416315
3589,2021-01-09 00:24:16,9.65,5.879416315
3590,2021-01-09 00:27:15,9.71,5.8755875019
3591,2021-01-09 00:30:16,9.72,5.8744086936
3592,2021-01-09 00:33:15,9.72,5.8744086936
3593,2021-01-09 00:36:16,9.69,5.8769508439
3594,2021-01-09 00:39:15,9.63,5.8799839416
3595,2021-01-09 00:42:15,9.57,5.8828844787
3596,2021-01-09 00:45:15,9.54,5.8847631522
3597,2021-01-09 00:48:15,9.5,5.8883279744
3598,2021-01-09 00:51:15,9.45,5.8905818057
3599,2021-01-09 00:54:15,9.38,5.8961403036
3600,2021-01-09 00:57:15,9.35,5.8982315842
3601,2021-01-09 01:00:15,9.33,5.8997368108
3602,2021-01-09 01:03:15,9.32,5.9002766571
3603,2021-01-09 01:06:15,9.32,5.9002766571
3604,2021-01-09 01:09:15,9.33,5.8997368108
3605,2021-01-09 01:12:15,9.37,5.8969016011
3606,2021-01-09 01:15:16,9.37,5.8969016011
3607,2021-01-09 01:18:15,9.4,5.894896484
3608,2021-01-09 01:21:16,9.38,5.8961403036
3609,2021-01-09 01:24:15,9.38,5.8961403036
3610,2021-01-09 01:27:15,9.38,5.8961403036
3611,2021-01-09 01:30:15,9.32,5.9002766571
3612,2021-01-09 01:33:15,9.32,5.9002766571
3613,2021-01-09 01:36:15,9.34,5.8990811692
3614,2021-01-09 01:39:15,9.34,5.8990811692
3615,2021-01-09 01:42:15,9.36,5.8976230763
3616,2021-01-09 01:45:15,9.37,5.8969016011
3617,2021-01-09 01:48:15,9.41,5.8938608188
3618,2021-01-09 01:51:15,9.43,5.8923466032
3619,2021-01-09 01:54:16,9.45,5.8905818057
3620,2021-01-09 01:57:15,9.48,5.8893158108
3621,2021-01-09 02:00:15,9.5,5.8883279744
3622,2021-01-09 02:03:15,9.5,5.8883279744
3623,2021-01-09 02:06:16,9.53,5.8858510134
3624,2021-01-09 02:09:15,9.57,5.8828844787
3625,2021-01-09 02:12:16,9.55,5.8841128013
3626,2021-01-09 02:15:15,9.55,5.8841128013
3627,2021-01-09 02:18:15,9.56,5.8830930002
3628,2021-01-09 02:21:15,9.61,5.8814646588
3629,2021-01-09 02:24:15,9.59,5.8824356855
3630,2021-01-09 02:27:15,9.65,5.879416315
3631,2021-01-09 02:30:15,9.64,5.8795165625
3632,2021-01-09 02:33:15,9.62,5.8805623664
3633,2021-01-09 02:36:15,9.62,5.8805623664
3634,2021-01-09 02:39:15,9.64,5.8795165625
3635,2021-01-09 02:42:15,9.65,5.879416315
3636,2021-01-09 02:45:15,9.59,5.8824356855
3637,2021-01-09 02:48:15,9.56,5.8830930002
3638,2021-01-09 02:51:16,9.62,5.8805623664
3639,2021-01-09 02:54:15,9.66,5.8787981171
3640,2021-01-09 02:57:15,9.71,5.8755875019
3641,2021-01-09 03:00:15,9.68,5.8779281091
3642,2021-01-09 03:03:15,9.66,5.8787981171
3643,2021-01-09 03:06:15,9.61,5.8814646588
3644,2021-01-09 03:09:15,9.64,5.8795165625
3645,2021-01-09 03:12:15,9.62,5.8805623664
3646,2021-01-09 03:15:15,9.63,5.8799839416
3647,2021-01-09 03:18:15,9.61,5.8814646588
3648,2021-01-09 03:21:16,9.64,5.8795165625
3649,2021-01-09 03:24:15,9.64,5.8795165625
3650,2021-01-09 03:27:15,9.7,5.8761093244
3651,2021-01-09 03:30:15,9.66,5.8787981171
3652,2021-01-09 03:33:15,9.64,5.8795165625
3653,2021-01-09 03:36:15,9.64,5.8795165625
3654,2021-01-09 03:39:15,9.66,5.8787981171
3655,2021-01-09 03:42:15,9.67,5.8780184868
3656,2021-01-09 03:45:15,9.65,5.879416315
3657,2021-01-09 03:48:15,9.68,5.8779281091
3658,2021-01-09 03:51:15,9.67,5.8780184868
3659,2021-01-09 03:54:15,9.69,5.8769508439
3660,2021-01-09 03:57:15,9.68,5.8779281091
3661,2021-01-09 04:00:15,9.7,5.8761093244
3662,2021-01-09 04:03:15,9.7,5.8761093244
3663,2021-01-09 04:06:15,9.74,5.8724610646
3664,2021-01-09 04:09:15,9.73,5.8735129113
3665,2021-01-09 04:12:15,9.67,5.8780184868
3666,2021-01-09 04:15:15,9.65,5.879416315
3667,2021-01-09 04:18:15,9.68,5.8779281091
3668,2021-01-09 04:21:15,9.65,5.879416315
3669,2021-01-09 04:24:15,9.58,5.8826853813
3670,2021-01-09 04:27:15,9.61,5.8814646588
3671,2021-01-09 04:30:15,9.62,5.8805623664
3672,2021-01-09 04:33:15,9.65,5.879416315
3673,2021-01-09 04:36:15,9.66,5.8787981171
3674,2021-01-09 04:39:15,9.7,5.8761093244
3675,2021-01-09 04:42:15,9.73,5.8735129113
3676,2021-01-09 04:45:15,9.69,5.8769508439
3677,2021-01-09 04:48:15,9.66,5.8787981171
3678,2021-01-09 04:51:15,9.65,5.879416315
3679,2021-01-09 04:54:15,9.67,5.8780184868
3680,2021-01-09 04:57:15,9.66,5.8787981171
3681,2021-01-09 05:00:15,9.68,5.8779281091
3682,2021-01-09 05:03:15,9.71,5.8755875019
3683,2021-01-09 05:06:15,9.67,5.8780184868
3684,2021-01-09 05:09:15,9.7,5.8761093244
3685,2021-01-09 05:12:15,9.7,5.8761093244
3686,2021-01-09 05:15:15,9.72,5.8744086936
3687,2021-01-09 05:18:15,9.74,5.8724610646
3688,2021-01-09 05:21:15,9.72,5.8744086936
3689,2021-01-09 05:24:15,9.72,5.8744086936
3690,2021-01-09 05:27:15,9.69,5.8769508439
3691,2021-01-09 05:30:15,9.69,5.8769508439
3692,2021-01-09 05:33:15,9.7,5.8761093244
3693,2021-01-09 05:36:15,9.72,5.8744086936
3694,2021-01-09 05:39:15,9.7,5.8761093244
3695,2021-01-09 05:42:15,9.73,5.8735129113
3696,2021-01-09 05:45:15,9.74,5.8724610646
3697,2021-01-09 05:48:15,9.74,5.8724610646
3698,2021-01-09 05:51:15,9.74,5.8724610646
3699,2021-01-09 05:54:15,9.75,5.8724572644
3700,2021-01-09 05:57:15,9.76,5.8721012981
3701,2021-01-09 06:00:15,9.76,5.8721012981
3702,2021-01-09 06:03:15,9.76,5.8721012981
3703,2021-01-09 06:06:15,9.76,5.8721012981
3704,2021-01-09 06:09:15,9.76,5.8721012981
3705,2021-01-09 06:12:15,9.76,5.8721012981
3706,2021-01-09 06:15:15,9.76,5.8721012981
3707,2021-01-09 06:18:15,9.77,5.8720316111
3708,2021-01-09 06:21:15,9.77,5.8720316111
3709,2021-01-09 06:24:15,9.78,5.871959921
3710,2021-01-09 06:27:15,9.8,5.871884887
3711,2021-01-09 06:30:15,9.81,5.8715096171
3712,2021-01-09 06:33:15,9.8,5.871884887
3713,2021-01-09 06:36:15,9.82,5.8713410571
3714,2021-01-09 06:39:15,9.85,5.8700499549
3715,2021-01-09 06:42:15,9.89,5.8679972242
3716,2021-01-09 06:45:15,9.89,5.8679972242
3717,2021-01-09 06:48:15,9.88,5.8684660966
3718,2021-01-09 06:51:15,9.88,5.8684660966
3719,2021-01-09 06:54:15,9.85,5.8700499549
3720,2021-01-09 06:57:15,9.82,5.8713410571
3721,2021-01-09 07:00:15,9.81,5.8715096171
3722,2021-01-09 07:03:15,9.85,5.8700499549
3723,2021-01-09 07:06:15,9.82,5.8713410571
3724,2021-01-09 07:09:15,9.79,5.8717100122
3725,2021-01-09 07:12:15,9.78,5.871959921
3726,2021-01-09 07:15:15,9.8,5.871884887
3727,2021-01-09 07:18:15,9.82,5.8713410571
3728,2021-01-09 07:21:15,9.8,5.871884887
3729,2021-01-09 07:24:15,9.81,5.8715096171
3730,2021-01-09 07:27:15,9.83,5.8710082106
3731,2021-01-09 07:30:15,9.91,5.8681879511
3732,2021-01-09 07:33:15,9.88,5.8684660966
3733,2021-01-09 07:36:15,9.85,5.8700499549
3734,2021-01-09 07:39:15,9.88,5.8684660966
3735,2021-01-09 07:42:15,9.91,5.8681879511
3736,2021-01-09 07:45:15,9.92,5.8684654248
3737,2021-01-09 07:48:15,9.91,5.8681879511
3738,2021-01-09 07:51:14,9.97,5.8644941507
3739,2021-01-09 07:54:15,9.95,5.8663331343
3740,2021-01-09 07:57:15,9.94,5.8669158513
3741,2021-01-09 08:00:15,9.98,5.8639225398
3742,2021-01-09 08:03:14,10.0,5.8629590917
3743,2021-01-09 08:06:15,10.01,5.8619174057
3744,2021-01-09 08:09:14,10.02,5.8605848189
3745,2021-01-09 08:12:15,10.03,5.8595414163
3746,2021-01-09 08:15:15,10.06,5.8572227789
3747,2021-01-09 08:18:15,10.05,5.8580296443
3748,2021-01-09 08:21:15,10.11,5.8530349207
3749,2021-01-09 08:24:15,10.14,5.8499914233
3750,2021-01-09 08:27:15,10.09,5.8548217248
3751,2021-01-09 08:30:15,10.04,5.8589450731
3752,2021-01-09 08:33:15,10.02,5.8605848189
3753,2021-01-09 08:36:15,10.07,5.8566803099
3754,2021-01-09 08:39:15,10.15,5.8491801396
3755,2021-01-09 08:42:14,10.15,5.8491801396
3756,2021-01-09 08:45:15,10.16,5.8484358462
3757,2021-01-09 08:48:15,10.13,5.8516134046
3758,2021-01-09 08:51:15,10.14,5.8499914233
3759,2021-01-09 08:54:15,10.09,5.8548217248
3760,2021-01-09 08:57:15,10.06,5.8572227789
3761,2021-01-09 09:00:15,9.98,5.8639225398
3762,2021-01-09 09:03:15,10.09,5.8548217248
3763,2021-01-09 09:06:15,10.09,5.8548217248
3764,2021-01-09 09:09:15,10.04,5.8589450731
3765,2021-01-09 09:12:14,10.08,5.8558105311
3766,2021-01-09 09:15:15,10.11,5.8530349207
3767,2021-01-09 09:18:14,10.08,5.8558105311
3768,2021-01-09 09:21:15,10.05,5.8580296443
3769,2021-01-09 09:24:15,10.06,5.8572227789
3770,2021-01-09 09:27:15,10.04,5.8589450731
3771,2021-01-09 09:30:14,10.14,5.8499914233
3772,2021-01-09 09:33:15,10.23,5.8419446952
3773,2021-01-09 09:36:15,10.19,5.8457049546
3774,2021-01-09 09:39:15,10.24,5.8414803364
3775,2021-01-09 09:42:15,10.24,5.8414803364
3776,2021-01-09 09:45:14,10.24,5.8414803364
3777,2021-01-09 09:48:15,10.32,5.8359337141
3778,2021-01-09 09:51:15,10.33,5.8351243892
3779,2021-01-09 09:54:15,10.33,5.8351243892
3780,2021-01-09 09:57:15,10.37,5.8331672033
3781,2021-01-09 10:00:14,10.34,5.8341879923
3782,2021-01-09 10:03:15,10.31,5.8365326544
3783,2021-01-09 10:06:14,10.34,5.8341879923
3784,2021-01-09 10:09:15,10.4,5.8320694207
3785,2021-01-09 10:12:15,10.33,5.8351243892
3786,2021-01-09 10:15:15,10.36,5.8330551255
3787,2021-01-09 10:18:15,10.49,5.828513261
3788,2021-01-09 10:21:15,10.51,5.8277658389
3789,2021-01-09 10:24:15,10.56,5.8254158806
3790,2021-01-09 10:27:15,10.44,5.8316145257
3791,2021-01-09 10:30:15,10.32,5.8359337141
3792,2021-01-09 10:33:15,10.33,5.8351243892
3793,2021-01-09 10:36:15,10.26,5.8388930882
3794,2021-01-09 10:39:14,10.21,5.8434246838
3795,2021-01-09 10:42:15,10.23,5.8419446952
3796,2021-01-09 10:45:14,10.2,5.8446992507
3797,2021-01-09 10:48:15,10.21,5.8434246838
3798,2021-01-09 10:51:15,10.26,5.8388930882
3799,2021-01-09 10:54:15,10.3,5.8369673332
3800,2021-01-09 10:57:14,10.39,5.8322424879
3801,2021-01-09 11:00:15,10.32,5.8359337141
3802,2021-01-09 11:03:14,10.39,5.8322424879
3803,2021-01-09 11:06:15,10.37,5.8331672033
3804,2021-01-09 11:09:14,10.41,5.8322863126
3805,2021-01-09 11:12:15,10.27,5.8386440974
3806,2021-01-09 11:15:14,10.22,5.8426861214
3807,2021-01-09 11:18:15,10.28,5.838304993
3808,2021-01-09 11:21:15,10.25,5.8399942666
3809,2021-01-09 11:24:15,10.28,5.838304993
3810,2021-01-09 11:27:15,10.3,5.8369673332
3811,2021-01-09 11:30:15,10.3,5.8369673332
3812,2021-01-09 11:33:15,10.28,5.838304993
3813,2021-01-09 11:36:15,10.3,5.8369673332
3814,2021-01-09 11:39:15,10.33,5.8351243892
3815,2021-01-09 11:42:14,10.31,5.8365326544
3816,2021-01-09 11:45:15,10.3,5.8369673332
3817,2021-01-09 11:48:14,10.38,5.8323630655
3818,2021-01-09 11:51:15,10.31,5.8365326544
3819,2021-01-09 11:54:14,10.3,5.8369673332
3820,2021-01-09 11:57:15,10.35,5.8334103504
3821,2021-01-09 12:00:14,10.44,5.8316145257
3822,2021-01-09 12:03:15,10.37,5.8331672033
3823,2021-01-09 12:06:14,10.37,5.8331672033
3824,2021-01-09 12:09:15,10.42,5.8331414133
3825,2021-01-09 12:12:14,10.38,5.8323630655
3826,2021-01-09 12:15:15,10.37,5.8331672033
3827,2021-01-09 12:18:15,10.46,5.8303817485
3828,2021-01-09 12:21:15,10.44,5.8316145257
3829,2021-01-09 12:24:15,10.37,5.8331672033
3830,2021-01-09 12:27:15,10.43,5.8325900858
3831,2021-01-09 12:30:15,10.56,5.8254158806
3832,2021-01-09 12:33:14,10.38,5.8323630655
3833,2021-01-09 12:36:15,10.37,5.8331672033
3834,2021-01-09 12:39:14,10.42,5.8331414133
3835,2021-01-09 12:42:15,10.39,5.8322424879
3836,2021-01-09 12:45:14,10.45,5.8305862455
3837,2021-01-09 12:48:15,10.48,5.8291341567
3838,2021-01-09 12:51:14,10.53,5.827312376
3839,2021-01-09 12:54:15,10.58,5.8250266768
3840,2021-01-09 12:57:14,10.38,5.8323630655
3841,2021-01-09 13:00:15,10.43,5.8325900858
3842,2021-01-09 13:03:15,10.44,5.8316145257
3843,2021-01-09 13:06:15,10.61,5.8233867778
3844,2021-01-09 13:09:15,10.65,5.8216220515
3845,2021-01-09 13:12:15,10.52,5.8276490226
3846,2021-01-09 13:15:15,10.36,5.8330551255
3847,2021-01-09 13:18:15,10.35,5.8334103504
3848,2021-01-09 13:21:15,10.45,5.8305862455
3849,2021-01-09 13:24:14,10.55,5.82587069
3850,2021-01-09 13:27:15,10.59,5.8239678063
3851,2021-01-09 13:30:14,10.6,5.8234441828
3852,2021-01-09 13:33:15,10.47,5.8295482892
3853,2021-01-09 13:36:14,10.41,5.8322863126
3854,2021-01-09 13:39:15,10.63,5.82280911
3855,2021-01-09 13:42:14,10.79,5.817051462
3856,2021-01-09 13:45:15,10.54,5.8265692228
3857,2021-01-09 13:48:15,10.49,5.828513261
3858,2021-01-09 13:51:15,10.67,5.8211781468
3859,2021-01-09 13:54:15,10.76,5.8182147582
3860,2021-01-09 13:57:15,10.73,5.8202506674
3861,2021-01-09 14:00:14,10.61,5.8233867778
3862,2021-01-09 14:03:15,10.48,5.8291341567
3863,2021-01-09 14:06:14,10.54,5.8265692228
3864,2021-01-09 14:09:15,10.63,5.82280911
3865,2021-01-09 14:12:15,10.62,5.823101689
3866,2021-01-09 14:15:15,10.76,5.8182147582
3867,2021-01-09 14:18:15,10.76,5.8182147582
3868,2021-01-09 14:21:15,10.64,5.822230475
3869,2021-01-09 14:24:15,10.75,5.819388264
3870,2021-01-09 14:27:14,10.57,5.8260033511
3871,2021-01-09 14:30:15,10.62,5.823101689
3872,2021-01-09 14:33:15,10.66,5.8209718736
3873,2021-01-09 14:36:14,10.5,5.8284342149
3874,2021-01-09 14:39:15,10.75,5.819388264
3875,2021-01-09 14:42:14,10.64,5.822230475
3876,2021-01-09 14:45:15,10.76,5.8182147582
3877,2021-01-09 14:48:14,10.86,5.8135378593
3879,2021-01-09 14:54:14,10.92,5.81071479
3880,2021-01-09 14:57:15,10.91,5.8110269297
3881,2021-01-09 15:00:14,10.79,5.817051462
3882,2021-01-09 15:03:15,10.81,5.8157695163
3888,2021-01-09 15:21:15,10.93,5.8104347504
3889,2021-01-09 15:24:14,10.86,5.8135378593
3890,2021-01-09 15:27:15,10.92,5.81071479
3891,2021-01-09 15:30:15,10.79,5.817051462
3892,2021-01-09 15:33:15,10.77,5.8177102022
3893,2021-01-09 15:36:15,10.64,5.822230475
3894,2021-01-09 15:39:14,10.61,5.8233867778
3895,2021-01-09 15:42:15,10.59,5.8239678063
3896,2021-01-09 15:45:14,10.45,5.8305862455
3897,2021-01-09 15:48:15,10.41,5.8322863126
3898,2021-01-09 15:51:14,10.36,5.8330551255
3899,2021-01-09 15:54:15,10.35,5.8334103504
3900,2021-01-09 15:57:14,10.39,5.8322424879
3901,2021-01-09 16:00:15,10.52,5.8276490226
3902,2021-01-09 16:03:14,10.45,5.8305862455
3903,2021-01-09 16:06:15,10.43,5.8325900858
3904,2021-01-09 16:09:14,10.38,5.8323630655
3905,2021-01-09 16:12:15,10.37,5.8331672033
3906,2021-01-09 16:15:14,10.35,5.8334103504
3907,2021-01-09 16:18:15,10.39,5.8322424879
3908,2021-01-09 16:21:14,10.41,5.8322863126
3909,2021-01-09 16:24:15,10.32,5.8359337141
3910,2021-01-09 16:27:15,10.31,5.8365326544
3911,2021-01-09 16:30:15,10.37,5.8331672033
3912,2021-01-09 16:33:15,10.43,5.8325900858
3913,2021-01-09 16:36:14,10.5,5.8284342149
3914,2021-01-09 16:39:15,10.49,5.828513261
3915,2021-01-09 16:42:14,10.4,5.8320694207
3916,2021-01-09 16:45:15,10.41,5.8322863126
3917,2021-01-09 16:48:14,10.44,5.8316145257
3918,2021-01-09 16:51:15,10.43,5.8325900858
3919,2021-01-09 16:54:14,10.49,5.828513261
3920,2021-01-09 16:57:15,10.43,5.8325900858
3921,2021-01-09 17:00:14,10.39,5.8322424879
3922,2021-01-09 17:03:15,10.45,5.8305862455
3923,2021-01-09 17:06:14,10.45,5.8305862455
3924,2021-01-09 17:09:15,10.49,5.828513261
3925,2021-01-09 17:12:14,10.49,5.828513261
3926,2021-01-09 17:15:14,10.41,5.8322863126
3927,2021-01-09 17:18:15,10.44,5.8316145257
3928,2021-01-09 17:21:15,10.45,5.8305862455
3929,2021-01-09 17:24:15,10.49,5.828513261
3930,2021-01-09 17:27:15,10.46,5.8303817485
3931,2021-01-09 17:30:14,10.51,5.8277658389
3932,2021-01-09 17:33:14,10.5,5.8284342149
3933,2021-01-09 17:36:14,10.49,5.828513261
3934,2021-01-09 17:39:15,10.51,5.8277658389
3935,2021-01-09 17:42:14,10.49,5.828513261
3936,2021-01-09 17:45:15,10.52,5.8276490226
3937,2021-01-09 17:48:15,10.52,5.8276490226
3938,2021-01-09 17:51:14,10.52,5.8276490226
3939,2021-01-09 17:54:15,10.55,5.82587069
3940,2021-01-09 17:57:14,10.53,5.827312376
3941,2021-01-09 18:00:15,10.49,5.828513261
3942,2021-01-09 18:03:14,10.51,5.8277658389
3943,2021-01-09 18:06:15,10.49,5.828513261
3944,2021-01-09 18:09:14,10.52,5.8276490226
3945,2021-01-09 18:12:15,10.57,5.8260033511
3946,2021-01-09 18:15:14,10.55,5.82587069
3947,2021-01-09 18:18:15,10.61,5.8233867778
3948,2021-01-09 18:21:14,10.64,5.822230475
3949,2021-01-09 18:24:15,10.64,5.822230475
3950,2021-01-09 18:27:14,10.64,5.822230475
3951,2021-01-09 18:30:15,10.61,5.8233867778
3952,2021-01-09 18:33:15,10.62,5.823101689
3953,2021-01-09 18:36:14,10.61,5.8233867778
3954,2021-01-09 18:39:15,10.59,5.8239678063
3955,2021-01-09 18:42:14,10.66,5.8209718736
3956,2021-01-09 18:45:15,10.63,5.82280911
3957,2021-01-09 18:48:14,10.58,5.8250266768
3958,2021-01-09 18:51:15,10.52,5.8276490226
3959,2021-01-09 18:54:14,10.53,5.827312376
3960,2021-01-09 18:57:15,10.51,5.8277658389
3961,2021-01-09 19:00:14,10.5,5.8284342149
3962,2021-01-09 19:03:15,10.48,5.8291341567
3963,2021-01-09 19:06:14,10.49,5.828513261
3964,2021-01-09 19:09:15,10.5,5.8284342149
3965,2021-01-09 19:12:14,10.47,5.8295482892
3966,2021-01-09 19:15:15,10.46,5.8303817485
3967,2021-01-09 19:18:14,10.39,5.8322424879
3968,2021-01-09 19:21:15,10.32,5.8359337141
3969,2021-01-09 19:24:14,10.28,5.838304993
3970,2021-01-09 19:27:15,10.24,5.8414803364
3971,2021-01-09 19:30:15,10.19,5.8457049546
3972,2021-01-09 19:33:15,10.14,5.8499914233
3973,2021-01-09 19:36:14,10.11,5.8530349207
3974,2021-01-09 19:39:15,10.11,5.8530349207
3975,2021-01-09 19:42:14,10.11,5.8530349207
3976,2021-01-09 19:45:15,10.12,5.8524384201
3977,2021-01-09 19:48:14,10.12,5.8524384201
3978,2021-01-09 19:51:15,10.11,5.8530349207
3979,2021-01-09 19:54:14,10.11,5.8530349207
3980,2021-01-09 19:57:15,10.11,5.8530349207
3981,2021-01-09 20:00:14,10.13,5.8516134046
3982,2021-01-09 20:03:15,10.12,5.8524384201
3983,2021-01-09 20:06:15,10.13,5.8516134046
3984,2021-01-09 20:09:14,10.13,5.8516134046
3985,2021-01-09 20:12:15,10.1,5.8535110359
3986,2021-01-09 20:15:14,10.15,5.8491801396
3987,2021-01-09 20:18:15,10.15,5.8491801396
3988,2021-01-09 20:21:14,10.16,5.8484358462
3989,2021-01-09 20:24:15,10.2,5.8446992507
3990,2021-01-09 20:27:15,10.2,5.8446992507
3991,2021-01-09 20:30:14,10.21,5.8434246838
3992,2021-01-09 20:33:15,10.21,5.8434246838
3993,2021-01-09 20:36:15,10.23,5.8419446952
3994,2021-01-09 20:39:14,10.23,5.8419446952
3995,2021-01-09 20:42:15,10.25,5.8399942666
3996,2021-01-09 20:45:14,10.24,5.8414803364
3997,2021-01-09 20:48:14,10.26,5.8388930882
3998,2021-01-09 20:51:15,10.27,5.8386440974
3999,2021-01-09 20:54:14,10.3,5.8369673332
4000,2021-01-09 20:57:15,10.34,5.8341879923
4001,2021-01-09 21:00:14,10.35,5.8334103504
4002,2021-01-09 21:03:15,10.36,5.8330551255
4003,2021-01-09 21:06:14,10.36,5.8330551255
4004,2021-01-09 21:09:15,10.34,5.8341879923
4005,2021-01-09 21:12:14,10.35,5.8334103504
4006,2021-01-09 21:15:15,10.33,5.8351243892
4007,2021-01-09 21:18:14,10.29,5.8382862385
4008,2021-01-09 21:21:15,10.26,5.8388930882
4009,2021-01-09 21:24:14,10.2,5.8446992507
4010,2021-01-09 21:27:14,10.17,5.8480641833
4011,2021-01-09 21:30:15,10.19,5.8457049546
4012,2021-01-09 21:33:14,10.23,5.8419446952
4013,2021-01-09 21:36:15,10.24,5.8414803364
4014,2021-01-09 21:39:15,10.25,5.8399942666
4015,2021-01-09 21:42:14,10.27,5.8386440974
4016,2021-01-09 21:45:15,10.25,5.8399942666
4017,2021-01-09 21:48:14,10.28,5.838304993
4018,2021-01-09 21:51:14,10.28,5.838304993
4019,2021-01-09 21:54:14,10.32,5.8359337141
4020,2021-01-09 21:57:14,10.36,5.8330551255
4021,2021-01-09 22:00:15,10.39,5.8322424879
4022,2021-01-09 22:03:14,10.4,5.8320694207
4023,2021-01-09 22:06:15,10.45,5.8305862455
4024,2021-01-09 22:09:14,10.5,5.8284342149
4025,2021-01-09 22:12:15,10.54,5.8265692228
4026,2021-01-09 22:15:14,10.55,5.82587069
4027,2021-01-09 22:18:15,10.57,5.8260033511
4028,2021-01-09 22:21:14,10.62,5.823101689
4029,2021-01-09 22:24:15,10.64,5.822230475
4030,2021-01-09 22:27:14,10.65,5.8216220515
4031,2021-01-09 22:30:14,10.67,5.8211781468
4032,2021-01-09 22:33:14,10.66,5.8209718736
4033,2021-01-09 22:36:14,10.69,5.8209807481
4034,2021-01-09 22:39:15,10.68,5.8211715376
4035,2021-01-09 22:42:14,10.72,5.8200582342
4036,2021-01-09 22:45:14,10.75,5.819388264
4037,2021-01-09 22:48:14,10.75,5.819388264
4038,2021-01-09 22:51:14,10.76,5.8182147582
4039,2021-01-09 22:54:14,10.78,5.817550008
4040,2021-01-09 22:57:15,10.8,5.8166256929
4041,2021-01-09 23:00:14,10.8,5.8166256929
4042,2021-01-09 23:03:15,10.84,5.8147788527
4043,2021-01-09 23:06:14,10.92,5.81071479
4937,2021-01-11 19:48:13,10.95,5.8094923072
4938,2021-01-11 19:51:13,10.95,5.8094923072
4944,2021-01-11 20:09:12,10.93,5.8104347504
4945,2021-01-11 20:12:13,10.88,5.8127196721
4946,2021-01-11 20:15:12,10.83,5.8151586434
4947,2021-01-11 20:18:13,10.87,5.8130569452
4948,2021-01-11 20:21:13,10.9,5.8116902758
4949,2021-01-11 20:24:13,10.83,5.8151586434
4950,2021-01-11 20:27:13,10.86,5.8135378593
4951,2021-01-11 20:30:13,10.89,5.8122230295
4952,2021-01-11 20:33:13,10.86,5.8135378593
4953,2021-01-11 20:36:13,10.81,5.8157695163
4954,2021-01-11 20:39:13,10.8,5.8166256929
4955,2021-01-11 20:42:13,10.81,5.8157695163
4956,2021-01-11 20:45:13,10.86,5.8135378593
4957,2021-01-11 20:48:13,10.82,5.8155405366
4958,2021-01-11 20:51:13,10.8,5.8166256929
4959,2021-01-11 20:54:12,10.77,5.8177102022
4960,2021-01-11 20:57:13,10.71,5.8205616955
4961,2021-01-11 21:00:12,10.65,5.8216220515
4962,2021-01-11 21:03:13,10.57,5.8260033511
4963,2021-01-11 21:06:13,10.53,5.827312376
4964,2021-01-11 21:09:13,10.53,5.827312376
4965,2021-01-11 21:12:13,10.51,5.8277658389
4966,2021-01-11 21:15:13,10.51,5.8277658389
4967,2021-01-11 21:18:13,10.51,5.8277658389
4968,2021-01-11 21:21:13,10.57,5.8260033511
4969,2021-01-11 21:24:13,10.6,5.8234441828
4970,2021-01-11 21:27:12,10.61,5.8233867778
4971,2021-01-11 21:30:13,10.63,5.82280911
4972,2021-01-11 21:33:12,10.59,5.8239678063
4973,2021-01-11 21:36:13,10.6,5.8234441828
4974,2021-01-11 21:39:12,10.56,5.8254158806
4975,2021-01-11 21:42:13,10.53,5.827312376
4976,2021-01-11 21:45:13,10.51,5.8277658389
4977,2021-01-11 21:48:13,10.55,5.82587069
4978,2021-01-11 21:51:13,10.54,5.8265692228
4979,2021-01-11 21:54:13,10.54,5.8265692228
4980,2021-01-11 21:57:13,10.53,5.827312376
4981,2021-01-11 22:00:13,10.55,5.82587069
4982,2021-01-11 22:03:13,10.57,5.8260033511
4983,2021-01-11 22:06:13,10.57,5.8260033511
4984,2021-01-11 22:09:13,10.59,5.8239678063
4985,2021-01-11 22:12:13,10.59,5.8239678063
4986,2021-01-11 22:15:13,10.6,5.8234441828
4987,2021-01-11 22:18:13,10.56,5.8254158806
4988,2021-01-11 22:21:13,10.5,5.8284342149
4989,2021-01-11 22:24:12,10.46,5.8303817485
4990,2021-01-11 22:27:13,10.41,5.8322863126
4991,2021-01-11 22:30:13,10.39,5.8322424879
4992,2021-01-11 22:33:12,10.41,5.8322863126
4993,2021-01-11 22:36:12,10.43,5.8325900858
4994,2021-01-11 22:39:13,10.47,5.8295482892
4995,2021-01-11 22:42:12,10.49,5.828513261
4996,2021-01-11 22:45:13,10.54,5.8265692228
4997,2021-01-11 22:48:13,10.53,5.827312376
4998,2021-01-11 22:51:13,10.54,5.8265692228
4999,2021-01-11 22:54:13,10.47,5.8295482892
5000,2021-01-11 22:57:12,10.4,5.8320694207
5001,2021-01-11 23:00:13,10.42,5.8331414133
5002,2021-01-11 23:03:12,10.43,5.8325900858
5003,2021-01-11 23:06:13,10.45,5.8305862455
5004,2021-01-11 23:09:12,10.38,5.8323630655
5005,2021-01-11 23:12:13,10.34,5.8341879923
5006,2021-01-11 23:15:12,10.4,5.8320694207
5007,2021-01-11 23:18:13,10.38,5.8323630655
5008,2021-01-11 23:21:13,10.37,5.8331672033
5009,2021-01-11 23:24:13,10.4,5.8320694207
5010,2021-01-11 23:27:13,10.4,5.8320694207
5011,2021-01-11 23:30:12,10.39,5.8322424879
5012,2021-01-11 23:33:13,10.39,5.8322424879
5013,2021-01-11 23:36:12,10.39,5.8322424879
5014,2021-01-11 23:39:13,10.42,5.8331414133
5015,2021-01-11 23:42:12,10.43,5.8325900858
5016,2021-01-11 23:45:13,10.37,5.8331672033
5017,2021-01-11 23:48:12,10.35,5.8334103504
5018,2021-01-11 23:51:13,10.38,5.8323630655
5019,2021-01-11 23:54:13,10.34,5.8341879923
5020,2021-01-11 23:57:13,10.34,5.8341879923
5021,2021-01-12 00:00:13,10.34,5.8341879923
5022,2021-01-12 00:03:13,10.35,5.8334103504
5023,2021-01-12 00:06:13,10.34,5.8341879923
5024,2021-01-12 00:09:13,10.29,5.8382862385
5025,2021-01-12 00:12:12,10.3,5.8369673332
5026,2021-01-12 00:15:13,10.29,5.8382862385
5027,2021-01-12 00:18:13,10.29,5.8382862385
5028,2021-01-12 00:21:13,10.3,5.8369673332
5029,2021-01-12 00:24:13,10.29,5.8382862385
5030,2021-01-12 00:27:13,10.27,5.8386440974
5031,2021-01-12 00:30:13,10.29,5.8382862385
5032,2021-01-12 00:33:12,10.27,5.8386440974
5033,2021-01-12 00:36:13,10.24,5.8414803364
5034,2021-01-12 00:39:12,10.22,5.8426861214
5035,2021-01-12 00:42:13,10.15,5.8491801396
5036,2021-01-12 00:45:12,10.13,5.8516134046
5037,2021-01-12 00:48:13,10.17,5.8480641833
5038,2021-01-12 00:51:12,10.17,5.8480641833
5039,2021-01-12 00:54:13,10.12,5.8524384201
5040,2021-01-12 00:57:12,10.08,5.8558105311
5041,2021-01-12 01:00:13,10.08,5.8558105311
5042,2021-01-12 01:03:13,10.08,5.8558105311
5043,2021-01-12 01:06:13,10.08,5.8558105311
5044,2021-01-12 01:09:13,10.08,5.8558105311
5045,2021-01-12 01:12:12,10.1,5.8535110359
5046,2021-01-12 01:15:13,10.09,5.8548217248
5047,2021-01-12 01:18:12,10.06,5.8572227789
5048,2021-01-12 01:21:13,10.14,5.8499914233
5049,2021-01-12 01:24:12,10.07,5.8566803099
5050,2021-01-12 01:27:13,10.03,5.8595414163
5051,2021-01-12 01:30:12,10.03,5.8595414163
5052,2021-01-12 01:33:13,10.04,5.8589450731
5053,2021-01-12 01:36:12,10.08,5.8558105311
5054,2021-01-12 01:39:13,10.09,5.8548217248
5055,2021-01-12 01:42:12,10.13,5.8516134046
5056,2021-01-12 01:45:13,10.02,5.8605848189
5057,2021-01-12 01:48:12,10.05,5.8580296443
5058,2021-01-12 01:51:13,10.07,5.8566803099
5059,2021-01-12 01:54:12,10.06,5.8572227789
5060,2021-01-12 01:57:13,10.05,5.8580296443
5061,2021-01-12 02:00:13,10.06,5.8572227789
5062,2021-01-12 02:03:13,10.04,5.8589450731
5063,2021-01-12 02:06:12,9.98,5.8639225398
5064,2021-01-12 02:09:13,10.03,5.8595414163
5065,2021-01-12 02:12:12,9.98,5.8639225398
5066,2021-01-12 02:15:13,10.04,5.8589450731
5067,2021-01-12 02:18:13,10.02,5.8605848189
5068,2021-01-12 02:21:12,9.94,5.8669158513
5069,2021-01-12 02:24:13,9.84,5.87072682
5070,2021-01-12 02:27:12,9.84,5.87072682
5071,2021-01-12 02:30:13,9.8,5.871884887
5072,2021-01-12 02:33:12,9.76,5.8721012981
5073,2021-01-12 02:36:13,9.78,5.871959921
5074,2021-01-12 02:39:12,9.78,5.871959921
5075,2021-01-12 02:42:13,9.77,5.8720316111
5076,2021-01-12 02:45:12,9.75,5.8724572644
5077,2021-01-12 02:48:13,9.75,5.8724572644
5078,2021-01-12 02:51:12,9.72,5.8744086936
5079,2021-01-12 02:54:13,9.74,5.8724610646
5080,2021-01-12 02:57:12,9.75,5.8724572644
5081,2021-01-12 03:00:13,9.67,5.8780184868
5082,2021-01-12 03:03:12,9.67,5.8780184868
5083,2021-01-12 03:06:13,9.65,5.879416315
5084,2021-01-12 03:09:12,9.52,5.886482464
5085,2021-01-12 03:12:13,9.5,5.8883279744
5086,2021-01-12 03:15:13,9.51,5.8875151542
5087,2021-01-12 03:18:12,9.5,5.8883279744
5088,2021-01-12 03:21:13,9.52,5.886482464
5089,2021-01-12 03:24:12,9.55,5.8841128013
5090,2021-01-12 03:27:13,9.56,5.8830930002
5091,2021-01-12 03:30:12,9.52,5.886482464
5092,2021-01-12 03:33:13,9.51,5.8875151542
5093,2021-01-12 03:36:12,9.53,5.8858510134
5094,2021-01-12 03:39:13,9.49,5.888028252
5095,2021-01-12 03:42:12,9.49,5.888028252
5096,2021-01-12 03:45:13,9.47,5.8889478512
5097,2021-01-12 03:48:12,9.47,5.8889478512
5098,2021-01-12 03:51:13,9.47,5.8889478512
5099,2021-01-12 03:54:12,9.45,5.8905818057
5100,2021-01-12 03:57:13,9.47,5.8889478512
5101,2021-01-12 04:00:12,9.48,5.8893158108
5102,2021-01-12 04:03:13,9.51,5.8875151542
5103,2021-01-12 04:06:12,9.53,5.8858510134
5104,2021-01-12 04:09:13,9.61,5.8814646588
5105,2021-01-12 04:12:12,9.65,5.879416315
5106,2021-01-12 04:15:13,9.63,5.8799839416
5107,2021-01-12 04:18:12,9.65,5.879416315
5108,2021-01-12 04:21:13,9.64,5.8795165625
5109,2021-01-12 04:24:13,9.68,5.8779281091
5110,2021-01-12 04:27:12,9.69,5.8769508439
5111,2021-01-12 04:30:13,9.69,5.8769508439
5112,2021-01-12 04:33:12,9.7,5.8761093244
5113,2021-01-12 04:36:13,9.73,5.8735129113
5114,2021-01-12 04:39:12,9.71,5.8755875019
5115,2021-01-12 04:42:13,9.72,5.8744086936
5116,2021-01-12 04:45:12,9.72,5.8744086936
5117,2021-01-12 04:48:12,9.72,5.8744086936
5118,2021-01-12 04:51:13,9.67,5.8780184868
5119,2021-01-12 04:54:12,9.7,5.8761093244
5120,2021-01-12 04:57:13,9.68,5.8779281091
5121,2021-01-12 05:00:13,9.7,5.8761093244
5122,2021-01-12 05:03:12,9.71,5.8755875019
5123,2021-01-12 05:06:13,9.7,5.8761093244
5124,2021-01-12 05:09:12,9.68,5.8779281091
5125,2021-01-12 05:12:13,9.71,5.8755875019
5126,2021-01-12 05:15:12,9.74,5.8724610646
5127,2021-01-12 05:18:13,9.75,5.8724572644
5128,2021-01-12 05:21:12,9.75,5.8724572644
5129,2021-01-12 05:24:13,9.77,5.8720316111
5130,2021-01-12 05:27:12,9.76,5.8721012981
5131,2021-01-12 05:30:13,9.77,5.8720316111
5132,2021-01-12 05:33:12,9.76,5.8721012981
5133,2021-01-12 05:36:13,9.74,5.8724610646
5134,2021-01-12 05:39:13,9.74,5.8724610646
5135,2021-01-12 05:42:13,9.75,5.8724572644
5136,2021-01-12 05:45:12,9.71,5.8755875019
5137,2021-01-12 05:48:12,9.69,5.8769508439
5138,2021-01-12 05:51:13,9.73,5.8735129113
5139,2021-01-12 05:54:12,9.74,5.8724610646
5140,2021-01-12 05:57:13,9.72,5.8744086936
5141,2021-01-12 06:00:12,9.72,5.8744086936
5142,2021-01-12 06:03:13,9.75,5.8724572644
5143,2021-01-12 06:06:12,9.74,5.8724610646
5144,2021-01-12 06:09:13,9.74,5.8724610646
5145,2021-01-12 06:12:12,9.74,5.8724610646
5146,2021-01-12 06:15:13,9.77,5.8720316111
5147,2021-01-12 06:18:12,9.76,5.8721012981
5148,2021-01-12 06:21:13,9.74,5.8724610646
5149,2021-01-12 06:24:12,9.75,5.8724572644
5150,2021-01-12 06:27:12,9.74,5.8724610646
5151,2021-01-12 06:30:13,9.76,5.8721012981
5152,2021-01-12 06:33:12,9.79,5.8717100122
5153,2021-01-12 06:36:13,9.81,5.8715096171
5154,2021-01-12 06:39:13,9.81,5.8715096171
5155,2021-01-12 06:42:12,9.84,5.87072682
5156,2021-01-12 06:45:12,9.85,5.8700499549
5157,2021-01-12 06:48:13,9.86,5.8694412718
5158,2021-01-12 06:51:12,9.91,5.8681879511
5159,2021-01-12 06:54:13,10.01,5.8619174057
5160,2021-01-12 06:57:12,10.05,5.8580296443
5161,2021-01-12 07:00:13,10.09,5.8548217248
5162,2021-01-12 07:03:12,10.03,5.8595414163
5163,2021-01-12 07:06:13,10.01,5.8619174057
5164,2021-01-12 07:09:12,10.05,5.8580296443
5165,2021-01-12 07:12:13,10.09,5.8548217248
5166,2021-01-12 07:15:12,10.16,5.8484358462
5167,2021-01-12 07:18:13,10.23,5.8419446952
5168,2021-01-12 07:21:12,10.19,5.8457049546
5169,2021-01-12 07:24:12,10.18,5.8472320538
5170,2021-01-12 07:27:13,10.14,5.8499914233
5171,2021-01-12 07:30:12,10.19,5.8457049546
5172,2021-01-12 07:33:13,10.21,5.8434246838
5173,2021-01-12 07:36:12,10.24,5.8414803364
5174,2021-01-12 07:39:13,10.25,5.8399942666
5175,2021-01-12 07:42:12,10.22,5.8426861214
5176,2021-01-12 07:45:13,10.25,5.8399942666
5177,2021-01-12 07:48:12,10.24,5.8414803364
5178,2021-01-12 07:51:13,10.25,5.8399942666
5179,2021-01-12 07:54:12,10.25,5.8399942666
5180,2021-01-12 07:57:13,10.28,5.838304993
5181,2021-01-12 08:00:12,10.33,5.8351243892
5182,2021-01-12 08:03:13,10.36,5.8330551255
5183,2021-01-12 08:06:12,10.34,5.8341879923
5184,2021-01-12 08:09:13,10.36,5.8330551255
5185,2021-01-12 08:12:12,10.39,5.8322424879
5186,2021-01-12 08:15:13,10.4,5.8320694207
5187,2021-01-12 08:18:12,10.42,5.8331414133
5188,2021-01-12 08:21:13,10.5,5.8284342149
5189,2021-01-12 08:24:12,10.56,5.8254158806
5190,2021-01-12 08:27:13,10.57,5.8260033511
5191,2021-01-12 08:30:12,10.7,5.820528733
5192,2021-01-12 08:33:12,10.74,5.8194828865
5193,2021-01-12 08:36:12,10.76,5.8182147582
5194,2021-01-12 08:39:12,10.81,5.8157695163
5195,2021-01-12 08:42:13,10.77,5.8177102022
5196,2021-01-12 08:45:12,10.71,5.8205616955
5197,2021-01-12 08:48:12,10.76,5.8182147582
5198,2021-01-12 08:51:12,10.74,5.8194828865
5199,2021-01-12 08:54:12,10.74,5.8194828865
5200,2021-01-12 08:57:12,10.77,5.8177102022
5201,2021-01-12 09:00:12,10.76,5.8182147582
5202,2021-01-12 09:03:12,10.76,5.8182147582
5203,2021-01-12 09:06:13,10.71,5.8205616955
5204,2021-01-12 09:09:12,10.7,5.820528733
5205,2021-01-12 09:12:13,10.73,5.8202506674
5206,2021-01-12 09:15:12,10.77,5.8177102022
5207,2021-01-12 09:18:13,10.78,5.817550008
5208,2021-01-12 09:21:12,10.79,5.817051462
5209,2021-01-12 09:24:13,10.84,5.8147788527
5210,2021-01-12 09:27:12,10.92,5.81071479
5211,2021-01-12 09:30:13,10.86,5.8135378593
5212,2021-01-12 09:33:12,10.86,5.8135378593
5213,2021-01-12 09:36:12,10.95,5.8094923072
5435,2021-01-12 20:42:12,10.95,5.8094923072
5436,2021-01-12 20:45:12,10.9,5.8116902758
5437,2021-01-12 20:48:12,10.87,5.8130569452
5438,2021-01-12 20:51:12,10.89,5.8122230295
5439,2021-01-12 20:54:12,10.86,5.8135378593
5440,2021-01-12 20:57:12,10.84,5.8147788527
5441,2021-01-12 21:00:12,10.81,5.8157695163
5442,2021-01-12 21:03:12,10.83,5.8151586434
5443,2021-01-12 21:06:12,10.86,5.8135378593
5444,2021-01-12 21:09:12,10.86,5.8135378593
5445,2021-01-12 21:12:12,10.91,5.8110269297
5446,2021-01-12 21:15:12,10.91,5.8110269297
5447,2021-01-12 21:18:12,10.94,5.8100690694
5448,2021-01-12 21:21:12,10.94,5.8100690694
5449,2021-01-12 21:24:12,10.95,5.8094923072
5451,2021-01-12 21:30:12,10.92,5.81071479
5452,2021-01-12 21:33:12,10.95,5.8094923072
5474,2021-01-12 22:39:12,10.94,5.8100690694
5475,2021-01-12 22:42:12,10.92,5.81071479
5476,2021-01-12 22:45:12,10.9,5.8116902758
5477,2021-01-12 22:48:12,10.81,5.8157695163
5478,2021-01-12 22:51:12,10.78,5.817550008
5479,2021-01-12 22:54:12,10.67,5.8211781468
5480,2021-01-12 22:57:11,10.67,5.8211781468
5481,2021-01-12 23:00:12,10.61,5.8233867778
5482,2021-01-12 23:03:11,10.58,5.8250266768
5483,2021-01-12 23:06:12,10.6,5.8234441828
5484,2021-01-12 23:09:12,10.67,5.8211781468
5485,2021-01-12 23:12:12,10.68,5.8211715376
5486,2021-01-12 23:15:12,10.7,5.820528733
5487,2021-01-12 23:18:12,10.74,5.8194828865
5488,2021-01-12 23:21:12,10.73,5.8202506674
5489,2021-01-12 23:24:12,10.74,5.8194828865
5490,2021-01-12 23:27:12,10.72,5.8200582342
5491,2021-01-12 23:30:12,10.66,5.8209718736
5492,2021-01-12 23:33:12,10.51,5.8277658389
5493,2021-01-12 23:36:12,10.36,5.8330551255
5494,2021-01-12 23:39:12,10.3,5.8369673332
5495,2021-01-12 23:42:11,10.34,5.8341879923
5496,2021-01-12 23:45:12,10.37,5.8331672033
5497,2021-01-12 23:48:11,10.38,5.8323630655
5498,2021-01-12 23:51:12,10.32,5.8359337141
5499,2021-01-12 23:54:12,10.23,5.8419446952
5500,2021-01-12 23:57:12,10.11,5.8530349207
5501,2021-01-13 00:00:12,10.03,5.8595414163
5502,2021-01-13 00:03:12,9.93,5.8676495761
5503,2021-01-13 00:06:12,9.86,5.8694412718
5504,2021-01-13 00:09:12,9.79,5.8717100122
5505,2021-01-13 00:12:12,9.79,5.8717100122
5506,2021-01-13 00:15:11,9.87,5.8689361644
5507,2021-01-13 00:18:12,9.89,5.8679972242
5508,2021-01-13 00:21:11,9.8,5.871884887
5509,2021-01-13 00:24:12,9.74,5.8724610646
5510,2021-01-13 00:27:12,9.62,5.8805623664
5511,2021-01-13 00:30:12,9.56,5.8830930002
5512,2021-01-13 00:33:12,9.48,5.8893158108
5513,2021-01-13 00:36:12,9.41,5.8938608188
5514,2021-01-13 00:39:12,9.4,5.894896484
5515,2021-01-13 00:42:12,9.47,5.8889478512
5516,2021-01-13 00:45:12,9.57,5.8828844787
5517,2021-01-13 00:48:12,9.69,5.8769508439
5518,2021-01-13 00:51:12,9.74,5.8724610646
5519,2021-01-13 00:54:11,9.77,5.8720316111
5520,2021-01-13 00:57:12,9.75,5.8724572644
5521,2021-01-13 01:00:12,9.72,5.8744086936
5522,2021-01-13 01:03:12,9.59,5.8824356855
5523,2021-01-13 01:06:12,9.52,5.886482464
5524,2021-01-13 01:09:12,9.42,5.8930423872
5525,2021-01-13 01:12:12,9.34,5.8990811692
5526,2021-01-13 01:15:12,9.27,5.9047553892
5527,2021-01-13 01:18:11,9.23,5.9082582664
5528,2021-01-13 01:21:12,9.2,5.9107083355
5529,2021-01-13 01:24:11,9.15,5.9138812787
5530,2021-01-13 01:27:12,9.12,5.9165790625
5531,2021-01-13 01:30:11,9.07,5.9182736643
5532,2021-01-13 01:33:12,9.05,5.9196852797
5533,2021-01-13 01:36:12,9.01,5.9221618239
5534,2021-01-13 01:39:12,8.98,5.924154727
5535,2021-01-13 01:42:12,8.97,5.9250437874
5536,2021-01-13 01:45:12,8.89,5.9293945852
5537,2021-01-13 01:48:12,8.86,5.9310146533
5538,2021-01-13 01:51:12,8.88,5.9298221663
5539,2021-01-13 01:54:12,8.87,5.9303768046
5540,2021-01-13 01:57:11,8.84,5.9322965416
5541,2021-01-13 02:00:12,8.8,5.9331580145
5542,2021-01-13 02:03:12,8.8,5.9331580145
5543,2021-01-13 02:06:12,8.78,5.9343733437
5544,2021-01-13 02:09:12,8.7,5.9378602227
5545,2021-01-13 02:12:12,8.72,5.9365018389
5546,2021-01-13 02:15:12,8.68,5.9390040104
5547,2021-01-13 02:18:12,8.62,5.9427330315
5548,2021-01-13 02:21:11,8.6,5.9438461577
5549,2021-01-13 02:24:12,8.54,5.9464638366
5550,2021-01-13 02:27:11,8.52,5.9485952077
5551,2021-01-13 02:30:12,8.46,5.9519889375
5552,2021-01-13 02:33:11,8.45,5.952547158
5553,2021-01-13 02:36:12,8.48,5.9508073735
5554,2021-01-13 02:39:12,8.57,5.9452378352
5555,2021-01-13 02:42:12,8.69,5.9382369803
5556,2021-01-13 02:45:12,8.59,5.9451783325
5557,2021-01-13 02:48:12,8.56,5.9458380521
5558,2021-01-13 02:51:12,8.55,5.946124489
5559,2021-01-13 02:54:11,8.53,5.9477030443
5560,2021-01-13 02:57:12,8.51,5.9494197514
5561,2021-01-13 03:00:11,8.54,5.9464638366
5562,2021-01-13 03:03:12,8.57,5.9452378352
5563,2021-01-13 03:06:11,8.51,5.9494197514
5564,2021-01-13 03:09:12,8.49,5.9501956779
5565,2021-01-13 03:12:12,8.44,5.9531486525
5566,2021-01-13 03:15:12,8.38,5.9561912244
5567,2021-01-13 03:18:12,8.36,5.9574822787
5568,2021-01-13 03:21:12,8.35,5.9579033215
5569,2021-01-13 03:24:12,8.35,5.9579033215
5570,2021-01-13 03:27:11,8.35,5.9579033215
5571,2021-01-13 03:30:12,8.31,5.9603890086
5572,2021-01-13 03:33:11,8.28,5.9626674583
5573,2021-01-13 03:36:12,8.31,5.9603890086
5574,2021-01-13 03:39:11,8.37,5.9569689075
5575,2021-01-13 03:42:12,8.34,5.9586950138
5576,2021-01-13 03:45:12,8.31,5.9603890086
5577,2021-01-13 03:48:12,8.31,5.9603890086
5578,2021-01-13 03:51:12,8.29,5.9617954157
5579,2021-01-13 03:54:12,8.3,5.9610672569
5580,2021-01-13 03:57:11,8.32,5.959288455
5581,2021-01-13 04:00:12,8.3,5.9610672569
5582,2021-01-13 04:03:11,8.31,5.9603890086
5583,2021-01-13 04:06:12,8.3,5.9610672569
5584,2021-01-13 04:09:11,8.32,5.959288455
5585,2021-01-13 04:12:12,8.34,5.9586950138
5586,2021-01-13 04:15:11,8.32,5.959288455
5587,2021-01-13 04:18:12,8.29,5.9617954157
5588,2021-01-13 04:21:11,8.26,5.9637663436
5589,2021-01-13 04:24:12,8.28,5.9626674583
5590,2021-01-13 04:27:12,8.28,5.9626674583
5591,2021-01-13 04:30:12,8.28,5.9626674583
5592,2021-01-13 04:33:12,8.29,5.9617954157
5593,2021-01-13 04:36:12,8.23,5.9661131409
5594,2021-01-13 04:39:12,8.17,5.9702417034
5595,2021-01-13 04:42:12,8.23,5.9661131409
5596,2021-01-13 04:45:12,8.28,5.9626674583
5597,2021-01-13 04:48:11,8.29,5.9617954157
5598,2021-01-13 04:51:12,8.32,5.959288455
5599,2021-01-13 04:54:12,8.33,5.9587897514
5600,2021-01-13 04:57:12,8.33,5.9587897514
5601,2021-01-13 05:00:12,8.35,5.9579033215
5602,2021-01-13 05:03:12,8.32,5.959288455
5603,2021-01-13 05:06:12,8.33,5.9587897514
5604,2021-01-13 05:09:12,8.36,5.9574822787
5605,2021-01-13 05:12:12,8.36,5.9574822787
5606,2021-01-13 05:15:11,8.38,5.9561912244
5607,2021-01-13 05:18:12,8.36,5.9574822787
5608,2021-01-13 05:21:11,8.42,5.9550448287
5609,2021-01-13 05:24:12,8.41,5.9554075201
5610,2021-01-13 05:27:11,8.4,5.9555567322
5611,2021-01-13 05:30:12,8.41,5.9554075201
5612,2021-01-13 05:33:11,8.41,5.9554075201
5613,2021-01-13 05:36:12,8.41,5.9554075201
5614,2021-01-13 05:39:12,8.38,5.9561912244
5615,2021-01-13 05:42:12,8.41,5.9554075201
5616,2021-01-13 05:45:11,8.42,5.9550448287
5617,2021-01-13 05:48:12,8.42,5.9550448287
5618,2021-01-13 05:51:11,8.39,5.9558315278
5619,2021-01-13 05:54:12,8.34,5.9586950138
5620,2021-01-13 05:57:11,8.31,5.9603890086
5621,2021-01-13 06:00:12,8.29,5.9617954157
5622,2021-01-13 06:03:12,8.28,5.9626674583
5623,2021-01-13 06:06:12,8.26,5.9637663436
5624,2021-01-13 06:09:12,8.28,5.9626674583
5625,2021-01-13 06:12:11,8.3,5.9610672569
5626,2021-01-13 06:15:12,8.29,5.9617954157
5627,2021-01-13 06:18:11,8.34,5.9586950138
5628,2021-01-13 06:21:12,8.35,5.9579033215
5629,2021-01-13 06:24:11,8.34,5.9586950138
5630,2021-01-13 06:27:12,8.33,5.9587897514
5631,2021-01-13 06:30:11,8.32,5.959288455
5632,2021-01-13 06:33:12,8.34,5.9586950138
5633,2021-01-13 06:36:11,8.33,5.9587897514
5634,2021-01-13 06:39:12,8.34,5.9586950138
5635,2021-01-13 06:42:12,8.35,5.9579033215
5636,2021-01-13 06:45:12,8.35,5.9579033215
5637,2021-01-13 06:48:11,8.36,5.9574822787
5638,2021-01-13 06:51:12,8.34,5.9586950138
5639,2021-01-13 06:54:12,8.37,5.9569689075
5640,2021-01-13 06:57:12,8.39,5.9558315278
5641,2021-01-13 07:00:12,8.45,5.952547158
5642,2021-01-13 07:03:11,8.49,5.9501956779
5643,2021-01-13 07:06:12,8.55,5.946124489
5644,2021-01-13 07:09:11,8.58,5.9453497197
5645,2021-01-13 07:12:12,8.62,5.9427330315
5646,2021-01-13 07:15:12,8.72,5.9365018389
5647,2021-01-13 07:18:11,8.8,5.9331580145
5648,2021-01-13 07:21:11,8.8,5.9331580145
5649,2021-01-13 07:24:12,8.84,5.9322965416
5650,2021-01-13 07:27:11,8.94,5.9271681126
5651,2021-01-13 07:30:12,9.05,5.9196852797
5652,2021-01-13 07:33:11,9.08,5.9179343379
5653,2021-01-13 07:36:12,9.18,5.9120119175
5654,2021-01-13 07:39:11,9.24,5.907397433
5655,2021-01-13 07:42:12,9.29,5.9031110543
5656,2021-01-13 07:45:11,9.44,5.8914831375
5657,2021-01-13 07:48:12,9.54,5.8847631522
5658,2021-01-13 07:51:11,9.67,5.8780184868
5659,2021-01-13 07:54:12,9.77,5.8720316111
5660,2021-01-13 07:57:11,9.85,5.8700499549
5661,2021-01-13 08:00:12,10.02,5.8605848189
5662,2021-01-13 08:03:11,10.11,5.8530349207
5663,2021-01-13 08:06:12,10.26,5.8388930882
5664,2021-01-13 08:09:11,10.42,5.8331414133
5665,2021-01-13 08:12:12,10.47,5.8295482892
5666,2021-01-13 08:15:11,10.59,5.8239678063
5667,2021-01-13 08:18:12,10.73,5.8202506674
5668,2021-01-13 08:21:12,10.85,5.8145945407
6106,2021-01-14 06:15:11,10.89,5.8122230295
6107,2021-01-14 06:18:11,10.85,5.8145945407
6108,2021-01-14 06:21:11,10.85,5.8145945407
6109,2021-01-14 06:24:11,10.86,5.8135378593
6110,2021-01-14 06:27:11,10.92,5.81071479
61657,2021-05-11 02:28:55,271.48,6.5906828018
61658,2021-05-11 02:31:55,271.48,6.5906828018
61659,2021-05-11 02:34:54,271.48,6.5906828018
61660,2021-05-11 02:37:55,271.48,6.5906828018
61661,2021-05-11 02:40:54,271.48,6.5906828018
61662,2021-05-11 02:43:55,271.48,6.5906828018
72517,2021-06-03 14:05:47,43.3,5.8157614763
98059,2021-07-27 12:55:25,43.28,5.8142648367
98060,2021-07-27 12:58:24,43.48,5.8305550805
98068,2021-07-27 13:22:24,43.27,5.8135755179
