timestamp,value,score,year,month,day,hour,minute
2021-01-08 00:15:16,10.02,1.3478198715,2021,1,8,0,15
2021-01-08 00:18:16,10.04,1.3503945305,2021,1,8,0,18
2021-01-08 00:21:16,10.08,1.3614293962,2021,1,8,0,21
2021-01-08 00:24:16,10.06,1.3757449675,2021,1,8,0,24
2021-01-08 00:27:16,9.98,1.3859068795,2021,1,8,0,27
2021-01-08 00:30:16,9.9,1.3946608948,2021,1,8,0,30
2021-01-08 00:33:16,9.88,1.3900406858,2021,1,8,0,33
2021-01-08 00:36:16,9.93,1.389534582,2021,1,8,0,36
2021-01-08 00:39:16,9.97,1.3915987889,2021,1,8,0,39
2021-01-08 00:42:16,9.87,1.3924106021,2021,1,8,0,42
2021-01-08 00:45:16,9.86,1.4007812411,2021,1,8,0,45
2021-01-08 00:48:16,9.82,1.3954146061,2021,1,8,0,48
2021-01-08 00:51:16,9.82,1.4325729549,2021,1,8,0,51
2021-01-08 00:54:16,9.79,1.4569274533,2021,1,8,0,54
2021-01-08 00:57:16,9.79,1.4613937072,2021,1,8,0,57
2021-01-08 01:00:16,9.76,1.4739036832,2021,1,8,1,0
2021-01-08 01:03:16,9.75,1.4526987512,2021,1,8,1,3
2021-01-08 01:06:16,9.68,1.436493958,2021,1,8,1,6
2021-01-08 01:09:16,9.56,1.4361957717,2021,1,8,1,9
2021-01-08 01:12:16,9.48,1.4535149631,2021,1,8,1,12
2021-01-08 01:15:16,9.4,1.4788187646,2021,1,8,1,15
2021-01-08 01:18:16,9.36,1.47682843,2021,1,8,1,18
2021-01-08 01:21:16,9.32,1.4750919094,2021,1,8,1,21
2021-01-08 01:24:16,9.34,1.4755292472,2021,1,8,1,24
2021-01-08 01:27:16,9.26,1.4477550037,2021,1,8,1,27
2021-01-08 01:30:16,9.26,1.513664476,2021,1,8,1,30
2021-01-08 01:33:16,9.28,1.528177022,2021,1,8,1,33
2021-01-08 01:36:16,9.23,1.5015136586,2021,1,8,1,36
2021-01-08 01:39:16,9.21,1.4809451399,2021,1,8,1,39
2021-01-08 01:42:16,9.19,1.4810398081,2021,1,8,1,42
2021-01-08 01:45:16,9.11,1.4583662293,2021,1,8,1,45
2021-01-08 01:48:16,9.08,1.472099913,2021,1,8,1,48
2021-01-08 01:51:16,9.11,1.5270758073,2021,1,8,1,51
2021-01-08 01:54:16,9.16,1.5352443743,2021,1,8,1,54
2021-01-08 01:57:16,9.14,1.5495098006,2021,1,8,1,57
2021-01-08 02:00:16,9.14,1.54858663,2021,1,8,2,0
2021-01-08 02:03:16,9.19,1.5485415887,2021,1,8,2,3
2021-01-08 02:06:16,9.11,1.5452256354,2021,1,8,2,6
2021-01-08 02:09:16,9.12,1.5476208678,2021,1,8,2,9
2021-01-08 02:12:16,9.11,1.5390594604,2021,1,8,2,12
2021-01-08 02:15:16,9.12,1.5318869306,2021,1,8,2,15
2021-01-08 02:18:16,9.16,1.5615904407,2021,1,8,2,18
2021-01-08 02:21:16,9.07,1.5601537783,2021,1,8,2,21
2021-01-08 02:24:16,9.0,1.5466401506,2021,1,8,2,24
2021-01-08 02:27:16,9.01,1.5160195776,2021,1,8,2,27
2021-01-08 02:30:16,9.03,1.5442343979,2021,1,8,2,30
2021-01-08 02:33:16,9.11,1.5438350963,2021,1,8,2,33
2021-01-08 02:36:16,9.17,1.5479406548,2021,1,8,2,36
2021-01-08 02:39:16,9.06,1.5363846419,2021,1,8,2,39
2021-01-08 02:42:16,9.06,1.5056666449,2021,1,8,2,42
2021-01-08 02:45:16,8.97,1.5336373202,2021,1,8,2,45
2021-01-08 02:48:16,8.99,1.5396182153,2021,1,8,2,48
2021-01-08 02:51:16,8.94,1.5369694717,2021,1,8,2,51
2021-01-08 02:54:16,8.85,1.5366079999,2021,1,8,2,54
2021-01-08 02:57:16,8.8,1.546510247,2021,1,8,2,57
2021-01-08 03:00:15,8.78,1.5575192193,2021,1,8,3,0
2021-01-08 03:03:16,8.8,1.5689636675,2021,1,8,3,3
2021-01-08 03:06:16,8.78,1.5777862422,2021,1,8,3,6
2021-01-08 03:09:16,8.8,1.5848729936,2021,1,8,3,9
2021-01-08 03:12:16,8.77,1.6071528973,2021,1,8,3,12
2021-01-08 03:15:16,8.66,1.6156950729,2021,1,8,3,15
2021-01-08 03:18:16,8.64,1.6241457983,2021,1,8,3,18
2021-01-08 03:21:16,8.69,1.6421385309,2021,1,8,3,21
2021-01-08 03:24:16,8.73,1.6510198555,2021,1,8,3,24
2021-01-08 03:27:16,8.7,1.6475949941,2021,1,8,3,27
2021-01-08 03:30:15,8.66,1.6664195733,2021,1,8,3,30
2021-01-08 03:33:16,8.56,1.6761980077,2021,1,8,3,33
2021-01-08 03:36:15,8.66,1.6874217201,2021,1,8,3,36
2021-01-08 03:39:16,8.75,1.7089887781,2021,1,8,3,39
2021-01-08 03:42:16,8.55,1.7278445689,2021,1,8,3,42
2021-01-08 03:45:16,8.52,1.7293191424,2021,1,8,3,45
2021-01-08 03:48:16,8.5,1.7453027699,2021,1,8,3,48
2021-01-08 03:51:16,8.5,1.7548934297,2021,1,8,3,51
2021-01-08 03:54:16,8.44,1.766776601,2021,1,8,3,54
2021-01-08 03:57:16,8.38,1.764666772,2021,1,8,3,57
2021-01-08 04:00:16,8.3,1.7790728432,2021,1,8,4,0
2021-01-08 04:03:16,8.39,1.7607868,2021,1,8,4,3
2021-01-08 04:06:16,8.38,1.7656727572,2021,1,8,4,6
2021-01-08 04:09:16,8.35,1.7622956531,2021,1,8,4,9
2021-01-08 04:12:15,8.33,1.7768382315,2021,1,8,4,12
2021-01-08 04:15:16,8.34,1.7736318503,2021,1,8,4,15
2021-01-08 04:18:16,8.34,1.77018308,2021,1,8,4,18
2021-01-08 04:21:15,8.34,1.7667611166,2021,1,8,4,21
2021-01-08 04:24:16,8.34,1.750233711,2021,1,8,4,24
2021-01-08 04:27:16,8.3,1.7594383248,2021,1,8,4,27
2021-01-08 04:30:16,8.31,1.7574168865,2021,1,8,4,30
2021-01-08 04:33:16,8.3,1.7361576773,2021,1,8,4,33
2021-01-08 04:36:16,8.27,1.7297084621,2021,1,8,4,36
2021-01-08 04:39:16,8.26,1.7139175166,2021,1,8,4,39
2021-01-08 04:42:16,8.25,1.7059931233,2021,1,8,4,42
2021-01-08 04:45:16,8.25,1.6816521271,2021,1,8,4,45
2021-01-08 04:48:16,8.24,1.6529158762,2021,1,8,4,48
2021-01-08 04:51:16,8.29,1.6417140341,2021,1,8,4,51
2021-01-08 04:54:15,8.31,1.619393119,2021,1,8,4,54
2021-01-08 04:57:16,8.39,1.5915546482,2021,1,8,4,57
2021-01-08 05:00:16,8.43,1.5857566292,2021,1,8,5,0
2021-01-08 05:03:16,8.47,1.5845485299,2021,1,8,5,3
2021-01-08 05:06:16,8.44,1.5792560995,2021,1,8,5,6
2021-01-08 05:09:15,8.46,1.5778004676,2021,1,8,5,9
2021-01-08 05:12:16,8.49,1.5792673174,2021,1,8,5,12
2021-01-08 05:15:16,8.54,1.5839597346,2021,1,8,5,15
2021-01-08 05:18:16,8.55,1.5930440249,2021,1,8,5,18
2021-01-08 05:21:16,8.6,1.6113313768,2021,1,8,5,21
2021-01-08 05:24:16,8.49,1.6351797298,2021,1,8,5,24
2021-01-08 05:27:15,8.56,1.6522235823,2021,1,8,5,27
2021-01-08 05:30:16,8.57,1.673369986,2021,1,8,5,30
2021-01-08 05:33:16,8.56,1.6935727493,2021,1,8,5,33
2021-01-08 05:36:16,8.59,1.7077913233,2021,1,8,5,36
2021-01-08 05:39:16,8.65,1.7295642313,2021,1,8,5,39
2021-01-08 05:42:16,8.63,1.7537806491,2021,1,8,5,42
2021-01-08 05:45:16,8.64,1.7785850321,2021,1,8,5,45
2021-01-08 05:48:16,8.62,1.8057461815,2021,1,8,5,48
2021-01-08 05:51:16,8.53,1.8278653621,2021,1,8,5,51
2021-01-08 05:54:16,8.54,1.8657879431,2021,1,8,5,54
2021-01-08 05:57:16,8.54,1.8813879906,2021,1,8,5,57
2021-01-08 06:00:15,8.59,1.9034464338,2021,1,8,6,0
2021-01-08 06:03:16,8.67,1.9141356096,2021,1,8,6,3
2021-01-08 06:06:15,8.45,1.9266587988,2021,1,8,6,6
2021-01-08 06:09:16,8.34,1.9480617331,2021,1,8,6,9
2021-01-08 06:12:16,8.31,1.9570109063,2021,1,8,6,12
2021-01-08 06:15:16,8.29,1.9679017503,2021,1,8,6,15
2021-01-08 06:18:15,8.29,1.9693914077,2021,1,8,6,18
2021-01-08 06:21:16,8.26,1.9732838157,2021,1,8,6,21
2021-01-08 06:24:16,8.24,1.9769246053,2021,1,8,6,24
2021-01-08 06:27:16,8.15,1.982153213,2021,1,8,6,27
2021-01-08 06:30:16,8.1,1.9793018476,2021,1,8,6,30
2021-01-08 06:33:16,8.16,1.9727200926,2021,1,8,6,33
2021-01-08 06:36:16,8.07,1.9702638033,2021,1,8,6,36
2021-01-08 06:39:16,8.07,1.9630384551,2021,1,8,6,39
2021-01-08 06:42:16,8.07,1.9554107886,2021,1,8,6,42
2021-01-08 06:45:15,8.03,1.9470120469,2021,1,8,6,45
2021-01-08 06:48:16,8.04,1.9350764642,2021,1,8,6,48
2021-01-08 06:51:16,8.06,1.9211306583,2021,1,8,6,51
2021-01-08 06:54:16,8.12,1.9083191159,2021,1,8,6,54
2021-01-08 06:57:16,8.12,1.8981937325,2021,1,8,6,57
2021-01-08 07:00:16,8.19,1.8835166223,2021,1,8,7,0
2021-01-08 07:03:16,8.18,1.8780682351,2021,1,8,7,3
2021-01-08 07:06:16,8.17,1.8710002403,2021,1,8,7,6
2021-01-08 07:09:16,8.13,1.8536613751,2021,1,8,7,9
2021-01-08 07:12:16,8.17,1.8379672828,2021,1,8,7,12
2021-01-08 07:15:16,8.25,1.8274096295,2021,1,8,7,15
2021-01-08 07:18:16,8.2,1.8183910563,2021,1,8,7,18
2021-01-08 07:21:16,8.16,1.8071184375,2021,1,8,7,21
2021-01-08 07:24:15,8.1,1.7799387435,2021,1,8,7,24
2021-01-08 07:27:16,8.23,1.7673141978,2021,1,8,7,27
2021-01-08 07:30:15,8.25,1.763949302,2021,1,8,7,30
2021-01-08 07:33:16,8.21,1.7561437077,2021,1,8,7,33
2021-01-08 07:36:15,8.2,1.7535555715,2021,1,8,7,36
2021-01-08 07:39:16,8.21,1.7280949315,2021,1,8,7,39
2021-01-08 07:42:16,8.26,1.714935475,2021,1,8,7,42
2021-01-08 07:45:16,8.28,1.7134820425,2021,1,8,7,45
2021-01-08 07:48:15,8.32,1.685793418,2021,1,8,7,48
2021-01-08 07:51:16,8.29,1.679957387,2021,1,8,7,51
2021-01-08 07:54:15,8.31,1.6791275481,2021,1,8,7,54
2021-01-08 07:57:16,8.4,1.6455319882,2021,1,8,7,57
2021-01-08 08:00:15,8.43,1.6519404528,2021,1,8,8,0
2021-01-08 08:03:16,8.49,1.6670360613,2021,1,8,8,3
2021-01-08 08:06:15,8.52,1.6759240734,2021,1,8,8,6
2021-01-08 08:09:16,8.53,1.6889543313,2021,1,8,8,9
2021-01-08 08:12:15,8.47,1.6910159944,2021,1,8,8,12
2021-01-08 08:15:16,8.54,1.6979242568,2021,1,8,8,15
2021-01-08 08:18:16,8.54,1.6823889795,2021,1,8,8,18
2021-01-08 08:21:16,8.58,1.6832618309,2021,1,8,8,21
2021-01-08 08:24:16,8.29,1.69419375,2021,1,8,8,24
2021-01-08 08:27:16,8.35,1.6829474451,2021,1,8,8,27
2021-01-08 08:30:16,8.36,1.6783646181,2021,1,8,8,30
2021-01-08 08:33:16,8.46,1.6771208621,2021,1,8,8,33
2021-01-08 08:36:16,8.47,1.6862170106,2021,1,8,8,36
2021-01-08 08:39:15,8.48,1.672638955,2021,1,8,8,39
2021-01-08 08:42:16,8.41,1.660539701,2021,1,8,8,42
2021-01-08 08:45:15,8.38,1.6321414796,2021,1,8,8,45
2021-01-08 08:48:16,8.35,1.6283202006,2021,1,8,8,48
2021-01-08 08:51:16,8.37,1.6333681394,2021,1,8,8,51
2021-01-08 08:54:16,8.39,1.6389977742,2021,1,8,8,54
2021-01-08 08:57:16,8.33,1.6405729194,2021,1,8,8,57
2021-01-08 09:00:16,8.34,1.6306778885,2021,1,8,9,0
2021-01-08 09:03:16,8.37,1.5640704869,2021,1,8,9,3
2021-01-08 09:06:16,8.45,1.5784981114,2021,1,8,9,6
2021-01-08 09:09:15,8.42,1.577216165,2021,1,8,9,9
2021-01-08 09:12:16,8.41,1.5732949906,2021,1,8,9,12
2021-01-08 09:15:16,8.43,1.5725260269,2021,1,8,9,15
2021-01-08 09:18:16,8.48,1.5723117144,2021,1,8,9,18
2021-01-08 09:21:16,8.5,1.5808403643,2021,1,8,9,21
2021-01-08 09:24:16,8.62,1.5844310431,2021,1,8,9,24
2021-01-08 09:27:16,8.69,1.5963122868,2021,1,8,9,27
2021-01-08 09:30:16,8.56,1.6161972481,2021,1,8,9,30
2021-01-08 09:33:16,8.61,1.6225821023,2021,1,8,9,33
2021-01-08 09:36:15,8.62,1.61823226,2021,1,8,9,36
2021-01-08 09:39:16,8.68,1.6174742446,2021,1,8,9,39
2021-01-08 09:42:15,8.73,1.6241381154,2021,1,8,9,42
2021-01-08 09:45:16,8.71,1.6239759757,2021,1,8,9,45
2021-01-08 09:48:15,8.67,1.5986616444,2021,1,8,9,48
2021-01-08 09:51:16,8.66,1.5916168151,2021,1,8,9,51
2021-01-08 09:54:15,8.56,1.6105073463,2021,1,8,9,54
2021-01-08 09:57:16,8.67,1.6114578644,2021,1,8,9,57
2021-01-08 10:00:16,8.72,1.6172110396,2021,1,8,10,0
2021-01-08 10:03:16,8.53,1.6275556952,2021,1,8,10,3
2021-01-08 10:06:16,8.59,1.6250571891,2021,1,8,10,6
2021-01-08 10:09:16,8.38,1.6171005654,2021,1,8,10,9
2021-01-08 10:12:15,8.39,1.6115811273,2021,1,8,10,12
2021-01-08 10:15:16,8.39,1.5919251375,2021,1,8,10,15
2021-01-08 10:18:15,8.36,1.5840619263,2021,1,8,10,18
2021-01-08 10:21:16,8.33,1.593477025,2021,1,8,10,21
2021-01-08 10:24:16,8.32,1.5524424988,2021,1,8,10,24
2021-01-08 10:27:16,8.35,1.5250024542,2021,1,8,10,27
2021-01-08 10:30:16,8.55,1.4970272549,2021,1,8,10,30
2021-01-08 10:33:16,8.53,1.4937484408,2021,1,8,10,33
2021-01-08 10:36:16,8.61,1.5223587529,2021,1,8,10,36
2021-01-08 10:39:15,8.64,1.5418101079,2021,1,8,10,39
2021-01-08 10:42:16,8.69,1.5056640836,2021,1,8,10,42
2021-01-08 10:45:15,8.75,1.5131987323,2021,1,8,10,45
2021-01-08 10:48:16,8.8,1.5402984239,2021,1,8,10,48
2021-01-08 10:51:15,8.81,1.5389036372,2021,1,8,10,51
2021-01-08 10:54:16,8.79,1.5461725042,2021,1,8,10,54
2021-01-08 10:57:15,8.79,1.5498009569,2021,1,8,10,57
2021-01-08 11:00:16,8.83,1.5440927165,2021,1,8,11,0
2021-01-08 11:03:16,8.88,1.5463392856,2021,1,8,11,3
2021-01-08 11:06:15,8.94,1.498473993,2021,1,8,11,6
2021-01-08 11:09:15,9.0,1.48539164,2021,1,8,11,9
2021-01-08 11:12:15,8.91,1.4616351515,2021,1,8,11,12
2021-01-08 11:15:16,8.98,1.4811817526,2021,1,8,11,15
2021-01-08 11:18:15,9.06,1.4712621747,2021,1,8,11,18
2021-01-08 11:21:16,9.16,1.5340711929,2021,1,8,11,21
2021-01-08 11:24:16,9.15,1.5341777325,2021,1,8,11,24
2021-01-08 11:27:15,9.15,1.5452499975,2021,1,8,11,27
2021-01-08 11:30:16,8.99,1.548802448,2021,1,8,11,30
2021-01-08 11:33:16,8.96,1.5397528954,2021,1,8,11,33
2021-01-08 11:36:16,9.04,1.5407800884,2021,1,8,11,36
2021-01-08 11:39:16,9.09,1.5349300278,2021,1,8,11,39
2021-01-08 11:42:15,9.01,1.5332523148,2021,1,8,11,42
2021-01-08 11:45:16,8.94,1.5342965776,2021,1,8,11,45
2021-01-08 11:48:15,8.92,1.51877836,2021,1,8,11,48
2021-01-08 11:51:16,8.94,1.525170508,2021,1,8,11,51
2021-01-08 11:54:15,8.98,1.5226272465,2021,1,8,11,54
2021-01-08 11:57:16,9.01,1.5168615883,2021,1,8,11,57
2021-01-08 12:00:15,9.07,1.5145586335,2021,1,8,12,0
2021-01-08 12:03:15,9.13,1.5086171229,2021,1,8,12,3
2021-01-08 12:06:16,9.08,1.5041717657,2021,1,8,12,6
2021-01-08 12:09:15,9.07,1.5002093276,2021,1,8,12,9
2021-01-08 12:12:16,9.04,1.4951975342,2021,1,8,12,12
2021-01-08 12:15:15,8.93,1.4941995192,2021,1,8,12,15
2021-01-08 12:18:16,8.89,1.4891276607,2021,1,8,12,18
2021-01-08 12:21:16,8.83,1.4850154206,2021,1,8,12,21
2021-01-08 12:24:16,8.93,1.4864355383,2021,1,8,12,24
2021-01-08 12:27:16,8.87,1.4830597961,2021,1,8,12,27
2021-01-08 12:30:15,8.8,1.492773185,2021,1,8,12,30
2021-01-08 12:33:16,8.78,1.4813826032,2021,1,8,12,33
2021-01-08 12:36:15,8.76,1.5093055112,2021,1,8,12,36
2021-01-08 12:39:16,8.77,1.4812365009,2021,1,8,12,39
2021-01-08 12:42:15,8.74,1.4780098486,2021,1,8,12,42
2021-01-08 12:45:16,8.76,1.4829690201,2021,1,8,12,45
2021-01-08 12:48:15,8.78,1.4823971557,2021,1,8,12,48
2021-01-08 12:51:16,8.8,1.4819403758,2021,1,8,12,51
2021-01-08 12:54:16,8.79,1.4785414413,2021,1,8,12,54
2021-01-08 12:57:15,8.81,1.4816144902,2021,1,8,12,57
2021-01-08 13:00:16,8.8,1.4914506859,2021,1,8,13,0
2021-01-08 13:03:15,8.78,1.4807195496,2021,1,8,13,3
2021-01-08 13:06:16,8.8,1.4824416118,2021,1,8,13,6
2021-01-08 13:09:15,8.77,1.4841067767,2021,1,8,13,9
2021-01-08 13:12:16,8.72,1.4830336609,2021,1,8,13,12
2021-01-08 13:15:15,8.76,1.4897503874,2021,1,8,13,15
2021-01-08 13:18:16,8.78,1.498002039,2021,1,8,13,18
2021-01-08 13:21:15,8.8,1.4938538303,2021,1,8,13,21
2021-01-08 13:24:16,8.75,1.5015705744,2021,1,8,13,24
2021-01-08 13:27:15,8.71,1.4939127565,2021,1,8,13,27
2021-01-08 13:30:16,8.72,1.4939320814,2021,1,8,13,30
2021-01-08 13:33:16,8.67,1.5022542085,2021,1,8,13,33
2021-01-08 13:36:16,8.73,1.4878201498,2021,1,8,13,36
2021-01-08 13:39:16,8.73,1.4873060449,2021,1,8,13,39
2021-01-08 13:42:15,8.73,1.4926430698,2021,1,8,13,42
2021-01-08 13:45:16,8.72,1.4841115272,2021,1,8,13,45
2021-01-08 13:48:15,8.76,1.4850823862,2021,1,8,13,48
2021-01-08 13:51:16,8.75,1.4819873711,2021,1,8,13,51
2021-01-08 13:54:15,8.75,1.4817240362,2021,1,8,13,54
2021-01-08 13:57:16,8.76,1.5119513842,2021,1,8,13,57
2021-01-08 14:00:15,8.78,1.4821196236,2021,1,8,14,0
2021-01-08 14:03:16,8.8,1.5121804203,2021,1,8,14,3
2021-01-08 14:06:15,8.87,1.4850661368,2021,1,8,14,6
2021-01-08 14:09:15,8.8,1.4816675187,2021,1,8,14,9
2021-01-08 14:12:15,8.8,1.4863216879,2021,1,8,14,12
2021-01-08 14:15:16,8.84,1.4831589019,2021,1,8,14,15
2021-01-08 14:18:15,8.77,1.4845387619,2021,1,8,14,18
2021-01-08 14:21:16,8.75,1.4799106774,2021,1,8,14,21
2021-01-08 14:24:16,8.78,1.4869257342,2021,1,8,14,24
2021-01-08 14:27:15,8.81,1.5132559235,2021,1,8,14,27
2021-01-08 14:30:16,8.78,1.5173872003,2021,1,8,14,30
2021-01-08 14:33:15,8.75,1.5221818318,2021,1,8,14,33
2021-01-08 14:36:16,8.73,1.5253418779,2021,1,8,14,36
2021-01-08 14:39:16,8.76,1.5223548642,2021,1,8,14,39
2021-01-08 14:42:16,8.76,1.5315146075,2021,1,8,14,42
2021-01-08 14:45:16,8.74,1.5333359566,2021,1,8,14,45
2021-01-08 14:48:16,8.73,1.5336056227,2021,1,8,14,48
2021-01-08 14:51:16,8.75,1.5313771342,2021,1,8,14,51
2021-01-08 14:54:15,8.7,1.5383340458,2021,1,8,14,54
2021-01-08 14:57:16,8.73,1.5416717858,2021,1,8,14,57
2021-01-08 15:00:15,8.69,1.5473408694,2021,1,8,15,0
2021-01-08 15:03:16,8.76,1.547740282,2021,1,8,15,3
2021-01-08 15:06:15,8.74,1.5474910821,2021,1,8,15,6
2021-01-08 15:09:16,8.71,1.52745218,2021,1,8,15,9
2021-01-08 15:12:15,8.73,1.5283247811,2021,1,8,15,12
2021-01-08 15:15:16,8.71,1.5352266585,2021,1,8,15,15
2021-01-08 15:18:15,8.78,1.5371164189,2021,1,8,15,18
2021-01-08 15:21:16,8.75,1.5373899975,2021,1,8,15,21
2021-01-08 15:24:15,8.69,1.5365797452,2021,1,8,15,24
2021-01-08 15:27:16,8.66,1.5392578925,2021,1,8,15,27
2021-01-08 15:30:15,8.56,1.5389213573,2021,1,8,15,30
2021-01-08 15:33:15,8.56,1.5304417246,2021,1,8,15,33
2021-01-08 15:36:16,8.55,1.5259118381,2021,1,8,15,36
2021-01-08 15:39:15,8.54,1.5233240051,2021,1,8,15,39
2021-01-08 15:42:16,8.56,1.5148782784,2021,1,8,15,42
2021-01-08 15:45:15,8.53,1.5113310754,2021,1,8,15,45
2021-01-08 15:48:16,8.52,1.5071909669,2021,1,8,15,48
2021-01-08 15:51:15,8.56,1.5027112174,2021,1,8,15,51
2021-01-08 15:54:16,8.55,1.5000453714,2021,1,8,15,54
2021-01-08 15:57:15,8.59,1.4964493367,2021,1,8,15,57
2021-01-08 16:00:16,8.65,1.4868311323,2021,1,8,16,0
2021-01-08 16:03:15,8.66,1.4852621841,2021,1,8,16,3
2021-01-08 16:06:16,8.71,1.4805052797,2021,1,8,16,6
2021-01-08 16:09:15,8.74,1.4796217322,2021,1,8,16,9
2021-01-08 16:12:16,8.77,1.4799868214,2021,1,8,16,12
2021-01-08 16:15:15,8.79,1.4815765939,2021,1,8,16,15
2021-01-08 16:18:16,8.78,1.4788580137,2021,1,8,16,18
2021-01-08 16:21:15,8.75,1.4798141201,2021,1,8,16,21
2021-01-08 16:24:16,8.76,1.4814998104,2021,1,8,16,24
2021-01-08 16:27:15,8.78,1.4830126339,2021,1,8,16,27
2021-01-08 16:30:15,8.81,1.4884440025,2021,1,8,16,30
2021-01-08 16:33:16,8.82,1.4882412137,2021,1,8,16,33
2021-01-08 16:36:15,8.82,1.4933687182,2021,1,8,16,36
2021-01-08 16:39:16,8.8,1.5033253835,2021,1,8,16,39
2021-01-08 16:42:15,8.77,1.5099649593,2021,1,8,16,42
2021-01-08 16:45:16,8.8,1.5198065639,2021,1,8,16,45
2021-01-08 16:48:15,8.78,1.4938300139,2021,1,8,16,48
2021-01-08 16:51:16,8.77,1.4976314212,2021,1,8,16,51
2021-01-08 16:54:15,8.75,1.4986180358,2021,1,8,16,54
2021-01-08 16:57:16,8.76,1.4991782108,2021,1,8,16,57
2021-01-08 17:00:15,8.78,1.5012517977,2021,1,8,17,0
2021-01-08 17:03:16,8.78,1.5014369662,2021,1,8,17,3
2021-01-08 17:06:15,8.79,1.5002941638,2021,1,8,17,6
2021-01-08 17:09:15,8.78,1.5030396351,2021,1,8,17,9
2021-01-08 17:12:15,8.81,1.4821418038,2021,1,8,17,12
2021-01-08 17:15:16,8.82,1.4816803276,2021,1,8,17,15
2021-01-08 17:18:15,8.8,1.4646383493,2021,1,8,17,18
2021-01-08 17:21:16,8.83,1.4588760382,2021,1,8,17,21
2021-01-08 17:24:15,8.83,1.458187295,2021,1,8,17,24
2021-01-08 17:27:16,8.89,1.4489223891,2021,1,8,17,27
2021-01-08 17:30:15,8.88,1.4475580672,2021,1,8,17,30
2021-01-08 17:33:15,8.91,1.442963519,2021,1,8,17,33
2021-01-08 17:36:15,8.93,1.425337132,2021,1,8,17,36
2021-01-08 17:39:15,9.0,1.4183472209,2021,1,8,17,39
2021-01-08 17:42:16,9.02,1.4141909562,2021,1,8,17,42
2021-01-08 17:45:15,9.06,1.4098266253,2021,1,8,17,45
2021-01-08 17:48:16,9.03,1.4099742844,2021,1,8,17,48
2021-01-08 17:51:15,9.04,1.4057315795,2021,1,8,17,51
2021-01-08 17:54:16,9.07,1.4052212113,2021,1,8,17,54
2021-01-08 17:57:16,9.08,1.4161705562,2021,1,8,17,57
2021-01-08 18:00:15,9.09,1.4146685446,2021,1,8,18,0
2021-01-08 18:03:16,9.13,1.4184617269,2021,1,8,18,3
2021-01-08 18:06:15,9.18,1.4194155725,2021,1,8,18,6
2021-01-08 18:09:16,9.24,1.4370516026,2021,1,8,18,9
2021-01-08 18:12:15,9.27,1.4200332741,2021,1,8,18,12
2021-01-08 18:15:15,9.27,1.4180899817,2021,1,8,18,15
2021-01-08 18:18:16,9.28,1.4172680615,2021,1,8,18,18
2021-01-08 18:21:15,9.27,1.4044952281,2021,1,8,18,21
2021-01-08 18:24:15,9.29,1.3980769034,2021,1,8,18,24
2021-01-08 18:27:15,9.33,1.410764912,2021,1,8,18,27
2021-01-08 18:30:16,9.35,1.3892159555,2021,1,8,18,30
2021-01-08 18:33:15,9.33,1.3893351779,2021,1,8,18,33
2021-01-08 18:36:16,9.34,1.3890958659,2021,1,8,18,36
2021-01-08 18:39:15,9.42,1.3872172642,2021,1,8,18,39
2021-01-08 18:42:16,9.33,1.3879190671,2021,1,8,18,42
2021-01-08 18:45:15,9.27,1.3866453411,2021,1,8,18,45
2021-01-08 18:48:16,9.25,1.3831940801,2021,1,8,18,48
2021-01-08 18:51:15,9.24,1.3769881757,2021,1,8,18,51
2021-01-08 18:54:16,9.24,1.3796277778,2021,1,8,18,54
2021-01-08 18:57:15,9.21,1.3782796262,2021,1,8,18,57
2021-01-08 19:00:16,9.16,1.3577289461,2021,1,8,19,0
2021-01-08 19:03:15,9.25,1.3567656093,2021,1,8,19,3
2021-01-08 19:06:16,9.31,1.3660956305,2021,1,8,19,6
2021-01-08 19:09:15,9.32,1.3666279265,2021,1,8,19,9
2021-01-08 19:12:16,9.33,1.3667908453,2021,1,8,19,12
2021-01-08 19:15:15,9.35,1.3799616617,2021,1,8,19,15
2021-01-08 19:18:15,9.4,1.3770252321,2021,1,8,19,18
2021-01-08 19:21:15,9.38,1.3771575347,2021,1,8,19,21
2021-01-08 19:24:15,9.47,1.3727802327,2021,1,8,19,24
2021-01-08 19:27:15,9.46,1.3721093782,2021,1,8,19,27
2021-01-08 19:30:16,9.44,1.3860649646,2021,1,8,19,30
2021-01-08 19:33:15,9.49,1.3888873339,2021,1,8,19,33
2021-01-08 19:36:16,9.49,1.3886145098,2021,1,8,19,36
2021-01-08 19:39:15,9.49,1.3955984373,2021,1,8,19,39
2021-01-08 19:42:16,9.53,1.3858045616,2021,1,8,19,42
2021-01-08 19:45:15,9.55,1.3874183578,2021,1,8,19,45
2021-01-08 19:48:16,9.57,1.3816500536,2021,1,8,19,48
2021-01-08 19:51:15,9.45,1.3817812912,2021,1,8,19,51
2021-01-08 19:54:16,9.43,1.3817482413,2021,1,8,19,54
2021-01-08 19:57:15,9.39,1.3785990468,2021,1,8,19,57
2021-01-08 20:00:16,9.43,1.3784437824,2021,1,8,20,0
2021-01-08 20:03:15,9.31,1.3774153317,2021,1,8,20,3
2021-01-08 20:06:16,9.3,1.3762371734,2021,1,8,20,6
2021-01-08 20:09:15,9.3,1.3745496724,2021,1,8,20,9
2021-01-08 20:12:15,9.33,1.3749948418,2021,1,8,20,12
2021-01-08 20:15:15,9.38,1.3577846,2021,1,8,20,15
2021-01-08 20:18:15,9.31,1.3510127041,2021,1,8,20,18
2021-01-08 20:21:16,9.34,1.3512083333,2021,1,8,20,21
2021-01-08 20:24:15,9.3,1.3507137641,2021,1,8,20,24
2021-01-08 23:51:15,9.73,1.3429185199,2021,1,8,23,51
2021-01-08 23:54:15,9.76,1.3438367191,2021,1,8,23,54
2021-01-08 23:57:15,9.77,1.343923205,2021,1,8,23,57
2021-01-09 00:00:15,9.77,1.3545693603,2021,1,9,0,0
2021-01-09 00:03:15,9.74,1.3680266442,2021,1,9,0,3
2021-01-09 00:06:15,9.73,1.3705483218,2021,1,9,0,6
2021-01-09 00:09:15,9.71,1.3755193483,2021,1,9,0,9
2021-01-09 00:12:16,9.67,1.3667066762,2021,1,9,0,12
2021-01-09 00:15:16,9.62,1.366829428,2021,1,9,0,15
2021-01-09 00:18:15,9.62,1.3601363828,2021,1,9,0,18
2021-01-09 00:21:15,9.65,1.3648765461,2021,1,9,0,21
2021-01-09 00:24:16,9.65,1.3619686935,2021,1,9,0,24
2021-01-09 00:27:15,9.71,1.3656642891,2021,1,9,0,27
2021-01-09 00:30:16,9.72,1.3855550105,2021,1,9,0,30
2021-01-09 00:33:15,9.72,1.3828383293,2021,1,9,0,33
2021-01-09 00:36:16,9.69,1.3889774687,2021,1,9,0,36
2021-01-09 00:39:15,9.63,1.391174684,2021,1,9,0,39
2021-01-09 00:42:15,9.57,1.3930561456,2021,1,9,0,42
2021-01-09 00:45:15,9.54,1.3904015436,2021,1,9,0,45
2021-01-09 00:48:15,9.5,1.3879472777,2021,1,9,0,48
2021-01-09 00:51:15,9.45,1.3838512489,2021,1,9,0,51
2021-01-09 00:54:15,9.38,1.38332422,2021,1,9,0,54
2021-01-09 00:57:15,9.35,1.3808112576,2021,1,9,0,57
2021-01-09 01:00:15,9.33,1.3803188932,2021,1,9,1,0
2021-01-09 01:03:15,9.32,1.3767676969,2021,1,9,1,3
2021-01-09 01:06:15,9.32,1.3756622145,2021,1,9,1,6
2021-01-09 01:09:15,9.33,1.3724979276,2021,1,9,1,9
2021-01-09 01:12:15,9.37,1.3642477594,2021,1,9,1,12
2021-01-09 01:15:16,9.37,1.371944889,2021,1,9,1,15
2021-01-09 01:18:15,9.4,1.372886219,2021,1,9,1,18
2021-01-09 01:21:16,9.38,1.3720498365,2021,1,9,1,21
2021-01-09 01:24:15,9.38,1.3606387134,2021,1,9,1,24
2021-01-09 01:27:15,9.38,1.3463590869,2021,1,9,1,27
2021-01-09 06:00:15,9.76,1.3451467322,2021,1,9,6,0
2021-01-09 07:12:15,9.78,1.3523743046,2021,1,9,7,12
2021-01-12 02:12:12,9.98,1.3444438557,2021,1,12,2,12
2021-01-12 02:33:12,9.76,1.3536272938,2021,1,12,2,33
2021-01-12 02:36:13,9.78,1.3534309703,2021,1,12,2,36
2021-01-12 02:39:12,9.78,1.3435461662,2021,1,12,2,39
2021-01-12 06:00:12,9.72,1.3479968896,2021,1,12,6,0
2021-01-12 06:12:12,9.74,1.3570205181,2021,1,12,6,12
2021-01-12 06:18:12,9.76,1.3448856193,2021,1,12,6,18
2021-01-12 11:18:12,11.75,1.3546635436,2021,1,12,11,18
2021-01-12 11:24:12,11.76,1.3526542581,2021,1,12,11,24
2021-01-12 11:27:13,11.8,1.3478921149,2021,1,12,11,27
2021-01-12 11:30:12,11.77,1.3517837553,2021,1,12,11,30
2021-01-12 11:36:12,11.82,1.344945019,2021,1,12,11,36
2021-01-12 12:27:12,13.6,1.3471097059,2021,1,12,12,27
2021-01-12 16:18:12,15.3,1.3458505999,2021,1,12,16,18
2021-01-12 16:24:12,15.67,1.3451712198,2021,1,12,16,24
2021-01-12 16:27:12,15.47,1.3767360004,2021,1,12,16,27
2021-01-12 16:30:12,15.57,1.4019709584,2021,1,12,16,30
2021-01-12 16:33:12,15.07,1.4194687847,2021,1,12,16,33
2021-01-12 16:36:12,14.97,1.4225252953,2021,1,12,16,36
2021-01-12 16:39:12,14.73,1.3955612065,2021,1,12,16,39
2021-01-12 16:42:12,14.54,1.3762808647,2021,1,12,16,42
2021-01-12 16:45:12,14.43,1.3650300804,2021,1,12,16,45
2021-01-12 16:48:12,14.41,1.3568091712,2021,1,12,16,48
2021-01-12 23:18:12,10.74,1.3640426633,2021,1,12,23,18
2021-01-12 23:21:12,10.73,1.3595351303,2021,1,12,23,21
2021-01-12 23:24:12,10.74,1.3617591686,2021,1,12,23,24
2021-01-12 23:27:12,10.72,1.3698802173,2021,1,12,23,27
2021-01-12 23:30:12,10.66,1.3551008779,2021,1,12,23,30
2021-01-12 23:33:12,10.51,1.3764615185,2021,1,12,23,33
2021-01-12 23:36:12,10.36,1.3927352203,2021,1,12,23,36
2021-01-12 23:39:12,10.3,1.4110643786,2021,1,12,23,39
2021-01-12 23:42:11,10.34,1.3992447166,2021,1,12,23,42
2021-01-12 23:45:12,10.37,1.4071696381,2021,1,12,23,45
2021-01-12 23:48:11,10.38,1.3969323966,2021,1,12,23,48
2021-01-12 23:51:12,10.32,1.3802772823,2021,1,12,23,51
2021-01-12 23:54:12,10.23,1.3581680763,2021,1,12,23,54
2021-01-12 23:57:12,10.11,1.3451554659,2021,1,12,23,57
2021-01-13 00:12:12,9.79,1.3466511125,2021,1,13,0,12
2021-01-13 00:15:11,9.87,1.3560303218,2021,1,13,0,15
2021-01-13 00:18:12,9.89,1.353924213,2021,1,13,0,18
2021-01-13 00:21:11,9.8,1.3729287612,2021,1,13,0,21
2021-01-13 00:24:12,9.74,1.3841500417,2021,1,13,0,24
2021-01-13 00:27:12,9.62,1.4005667214,2021,1,13,0,27
2021-01-13 00:30:12,9.56,1.4337518234,2021,1,13,0,30
2021-01-13 00:33:12,9.48,1.4203946777,2021,1,13,0,33
2021-01-13 00:36:12,9.41,1.4500844337,2021,1,13,0,36
2021-01-13 00:39:12,9.4,1.4634113984,2021,1,13,0,39
2021-01-13 00:42:12,9.47,1.5277413932,2021,1,13,0,42
2021-01-13 00:45:12,9.57,1.5525949249,2021,1,13,0,45
2021-01-13 00:48:12,9.69,1.5534189595,2021,1,13,0,48
2021-01-13 00:51:12,9.74,1.5932836339,2021,1,13,0,51
2021-01-13 00:54:11,9.77,1.5889087936,2021,1,13,0,54
2021-01-13 00:57:12,9.75,1.5822169267,2021,1,13,0,57
2021-01-13 01:00:12,9.72,1.5742027445,2021,1,13,1,0
2021-01-13 01:03:12,9.59,1.5673828003,2021,1,13,1,3
2021-01-13 01:06:12,9.52,1.5629314663,2021,1,13,1,6
2021-01-13 01:09:12,9.42,1.5498363435,2021,1,13,1,9
2021-01-13 01:12:12,9.34,1.5751791761,2021,1,13,1,12
2021-01-13 01:15:12,9.27,1.5368233728,2021,1,13,1,15
2021-01-13 01:18:11,9.23,1.5622869177,2021,1,13,1,18
2021-01-13 01:21:12,9.2,1.5588696406,2021,1,13,1,21
2021-01-13 01:24:11,9.15,1.5552341451,2021,1,13,1,24
2021-01-13 01:27:12,9.12,1.5517579885,2021,1,13,1,27
2021-01-13 01:30:11,9.07,1.5500603375,2021,1,13,1,30
2021-01-13 01:33:12,9.05,1.5524556958,2021,1,13,1,33
2021-01-13 01:36:12,9.01,1.5534820065,2021,1,13,1,36
2021-01-13 01:39:12,8.98,1.5551102001,2021,1,13,1,39
2021-01-13 01:42:12,8.97,1.5535539777,2021,1,13,1,42
2021-01-13 01:45:12,8.89,1.5561384482,2021,1,13,1,45
2021-01-13 01:48:12,8.86,1.5604338311,2021,1,13,1,48
2021-01-13 01:51:12,8.88,1.5834362127,2021,1,13,1,51
2021-01-13 01:54:12,8.87,1.5791311786,2021,1,13,1,54
2021-01-13 01:57:11,8.84,1.5597593996,2021,1,13,1,57
2021-01-13 02:00:12,8.8,1.5648768936,2021,1,13,2,0
2021-01-13 02:03:12,8.8,1.5757974613,2021,1,13,2,3
2021-01-13 02:06:12,8.78,1.5751364812,2021,1,13,2,6
2021-01-13 02:09:12,8.7,1.5742626388,2021,1,13,2,9
2021-01-13 02:12:12,8.72,1.5784265374,2021,1,13,2,12
2021-01-13 02:15:12,8.68,1.5864493986,2021,1,13,2,15
2021-01-13 02:18:12,8.62,1.5896789434,2021,1,13,2,18
2021-01-13 02:21:11,8.6,1.5947009403,2021,1,13,2,21
2021-01-13 02:24:12,8.54,1.6072944701,2021,1,13,2,24
2021-01-13 02:27:11,8.52,1.6180799681,2021,1,13,2,27
2021-01-13 02:30:12,8.46,1.6244318547,2021,1,13,2,30
2021-01-13 02:33:11,8.45,1.640595715,2021,1,13,2,33
2021-01-13 02:36:12,8.48,1.6472060954,2021,1,13,2,36
2021-01-13 02:39:12,8.57,1.6549374347,2021,1,13,2,39
2021-01-13 02:42:12,8.69,1.6627891999,2021,1,13,2,42
2021-01-13 02:45:12,8.59,1.6724557983,2021,1,13,2,45
2021-01-13 02:48:12,8.56,1.6818569367,2021,1,13,2,48
2021-01-13 02:51:12,8.55,1.6845611111,2021,1,13,2,51
2021-01-13 02:54:11,8.53,1.6935996925,2021,1,13,2,54
2021-01-13 02:57:12,8.51,1.7124931593,2021,1,13,2,57
2021-01-13 03:00:11,8.54,1.7180022534,2021,1,13,3,0
2021-01-13 03:03:12,8.57,1.7224586342,2021,1,13,3,3
2021-01-13 03:06:11,8.51,1.7445075881,2021,1,13,3,6
2021-01-13 03:09:12,8.49,1.7400021904,2021,1,13,3,9
2021-01-13 03:12:12,8.44,1.7545340457,2021,1,13,3,12
2021-01-13 03:15:12,8.38,1.7566631387,2021,1,13,3,15
2021-01-13 03:18:12,8.36,1.7582356972,2021,1,13,3,18
2021-01-13 03:21:12,8.35,1.7511222326,2021,1,13,3,21
2021-01-13 03:24:12,8.35,1.7561182301,2021,1,13,3,24
2021-01-13 03:27:11,8.35,1.7697598411,2021,1,13,3,27
2021-01-13 03:30:12,8.31,1.7867659809,2021,1,13,3,30
2021-01-13 03:33:11,8.28,1.7873148381,2021,1,13,3,33
2021-01-13 03:36:12,8.31,1.7875720248,2021,1,13,3,36
2021-01-13 03:39:11,8.37,1.7781833063,2021,1,13,3,39
2021-01-13 03:42:12,8.34,1.803504503,2021,1,13,3,42
2021-01-13 03:45:12,8.31,1.8081319473,2021,1,13,3,45
2021-01-13 03:48:12,8.31,1.8105725934,2021,1,13,3,48
2021-01-13 03:51:12,8.29,1.8116334661,2021,1,13,3,51
2021-01-13 03:54:12,8.3,1.8062669893,2021,1,13,3,54
2021-01-13 03:57:11,8.32,1.8096483795,2021,1,13,3,57
2021-01-13 04:00:12,8.3,1.8096780707,2021,1,13,4,0
2021-01-13 04:03:11,8.31,1.8048385506,2021,1,13,4,3
2021-01-13 04:06:12,8.3,1.8047474518,2021,1,13,4,6
2021-01-13 04:09:11,8.32,1.8047918822,2021,1,13,4,9
2021-01-13 04:12:12,8.34,1.8031071238,2021,1,13,4,12
2021-01-13 04:15:11,8.32,1.8063863136,2021,1,13,4,15
2021-01-13 04:18:12,8.29,1.8084187089,2021,1,13,4,18
2021-01-13 04:21:11,8.26,1.8055764417,2021,1,13,4,21
2021-01-13 04:24:12,8.28,1.7998921289,2021,1,13,4,24
2021-01-13 04:27:12,8.28,1.7889672631,2021,1,13,4,27
2021-01-13 04:30:12,8.28,1.7898208303,2021,1,13,4,30
2021-01-13 04:33:12,8.29,1.782036913,2021,1,13,4,33
2021-01-13 04:36:12,8.23,1.7777596075,2021,1,13,4,36
2021-01-13 04:39:12,8.17,1.7706905067,2021,1,13,4,39
2021-01-13 04:42:12,8.23,1.7470828913,2021,1,13,4,42
2021-01-13 04:45:12,8.28,1.744692341,2021,1,13,4,45
2021-01-13 04:48:11,8.29,1.7395088479,2021,1,13,4,48
2021-01-13 04:51:12,8.32,1.7284345754,2021,1,13,4,51
2021-01-13 04:54:12,8.33,1.726783792,2021,1,13,4,54
2021-01-13 04:57:12,8.33,1.7256487067,2021,1,13,4,57
2021-01-13 05:00:12,8.35,1.7113597844,2021,1,13,5,0
2021-01-13 05:03:12,8.32,1.7287550628,2021,1,13,5,3
2021-01-13 05:06:12,8.33,1.7361898886,2021,1,13,5,6
2021-01-13 05:09:12,8.36,1.72885832,2021,1,13,5,9
2021-01-13 05:12:12,8.36,1.72497027,2021,1,13,5,12
2021-01-13 05:15:11,8.38,1.7269889302,2021,1,13,5,15
2021-01-13 05:18:12,8.36,1.7310880466,2021,1,13,5,18
2021-01-13 05:21:11,8.42,1.7249852718,2021,1,13,5,21
2021-01-13 05:24:12,8.41,1.7267259828,2021,1,13,5,24
2021-01-13 05:27:11,8.4,1.7281890047,2021,1,13,5,27
2021-01-13 05:30:12,8.41,1.7328716267,2021,1,13,5,30
2021-01-13 05:33:11,8.41,1.7298647073,2021,1,13,5,33
2021-01-13 05:36:12,8.41,1.7319096313,2021,1,13,5,36
2021-01-13 05:39:12,8.38,1.743007119,2021,1,13,5,39
2021-01-13 05:42:12,8.41,1.7498354405,2021,1,13,5,42
2021-01-13 05:45:11,8.42,1.752007687,2021,1,13,5,45
2021-01-13 05:48:12,8.42,1.7607800273,2021,1,13,5,48
2021-01-13 05:51:11,8.39,1.7552429677,2021,1,13,5,51
2021-01-13 05:54:12,8.34,1.7707441273,2021,1,13,5,54
2021-01-13 05:57:11,8.31,1.7784161554,2021,1,13,5,57
2021-01-13 06:00:12,8.29,1.764525056,2021,1,13,6,0
2021-01-13 06:03:12,8.28,1.7647666908,2021,1,13,6,3
2021-01-13 06:06:12,8.26,1.7540986014,2021,1,13,6,6
2021-01-13 06:09:12,8.28,1.7492531569,2021,1,13,6,9
2021-01-13 06:12:11,8.3,1.7421615952,2021,1,13,6,12
2021-01-13 06:15:12,8.29,1.7294985229,2021,1,13,6,15
2021-01-13 06:18:11,8.34,1.7070676871,2021,1,13,6,18
2021-01-13 06:21:12,8.35,1.6754818866,2021,1,13,6,21
2021-01-13 06:24:11,8.34,1.6770423934,2021,1,13,6,24
2021-01-13 06:27:12,8.33,1.6703860894,2021,1,13,6,27
2021-01-13 06:30:11,8.32,1.6672512083,2021,1,13,6,30
2021-01-13 06:33:12,8.34,1.666394481,2021,1,13,6,33
2021-01-13 06:36:11,8.33,1.6285943194,2021,1,13,6,36
2021-01-13 06:39:12,8.34,1.629422738,2021,1,13,6,39
2021-01-13 06:42:12,8.35,1.6023843022,2021,1,13,6,42
2021-01-13 06:45:12,8.35,1.5654632685,2021,1,13,6,45
2021-01-13 06:48:11,8.36,1.5516988341,2021,1,13,6,48
2021-01-13 06:51:12,8.34,1.5527457673,2021,1,13,6,51
2021-01-13 06:54:12,8.37,1.5205689965,2021,1,13,6,54
2021-01-13 06:57:12,8.39,1.5137519278,2021,1,13,6,57
2021-01-13 07:00:12,8.45,1.5087774541,2021,1,13,7,0
2021-01-13 07:03:11,8.49,1.5041669472,2021,1,13,7,3
2021-01-13 07:06:12,8.55,1.4690233143,2021,1,13,7,6
2021-01-13 07:09:11,8.58,1.4703783705,2021,1,13,7,9
2021-01-13 07:12:12,8.62,1.4679612353,2021,1,13,7,12
2021-01-13 07:15:12,8.72,1.4677769563,2021,1,13,7,15
2021-01-13 07:18:11,8.8,1.4671121354,2021,1,13,7,18
2021-01-13 07:21:11,8.8,1.4513647086,2021,1,13,7,21
2021-01-13 07:24:12,8.84,1.4338750757,2021,1,13,7,24
2021-01-13 07:27:11,8.94,1.4403925179,2021,1,13,7,27
2021-01-13 07:30:12,9.05,1.4368367826,2021,1,13,7,30
2021-01-13 07:33:11,9.08,1.4297454479,2021,1,13,7,33
2021-01-13 07:36:12,9.18,1.4217976231,2021,1,13,7,36
2021-01-13 07:39:11,9.24,1.4377248687,2021,1,13,7,39
2021-01-13 07:42:12,9.29,1.4546052157,2021,1,13,7,42
2021-01-13 07:45:11,9.44,1.4627069109,2021,1,13,7,45
2021-01-13 07:48:12,9.54,1.4671828545,2021,1,13,7,48
2021-01-13 07:51:11,9.67,1.4683560651,2021,1,13,7,51
2021-01-13 07:54:12,9.77,1.4687243206,2021,1,13,7,54
2021-01-13 07:57:11,9.85,1.4638609076,2021,1,13,7,57
2021-01-13 08:00:12,10.02,1.4548531857,2021,1,13,8,0
2021-01-13 08:03:11,10.11,1.4421898369,2021,1,13,8,3
2021-01-13 08:06:12,10.26,1.4339867801,2021,1,13,8,6
2021-01-13 08:09:11,10.42,1.4179895457,2021,1,13,8,9
2021-01-13 08:12:12,10.47,1.4191228686,2021,1,13,8,12
2021-01-13 08:15:11,10.59,1.4058785777,2021,1,13,8,15
2021-01-13 08:18:12,10.73,1.3856448203,2021,1,13,8,18
2021-03-06 08:08:07,21.79,1.3498570599,2021,3,6,8,8
2021-03-06 08:11:07,21.85,1.3554355703,2021,3,6,8,11
2021-05-11 01:31:55,27.73,4.4537638969,2021,5,11,1,31
2021-05-11 01:34:55,27.69,5.6237013582,2021,5,11,1,34
2021-05-11 01:37:55,27.66,6.2469294183,2021,5,11,1,37
2021-05-11 01:40:55,27.66,6.6585412792,2021,5,11,1,40
2021-05-11 01:43:54,27.6,6.955918713,2021,5,11,1,43
2021-05-11 01:46:55,27.61,7.1890448472,2021,5,11,1,46
2021-05-11 01:49:54,27.55,7.1691553561,2021,5,11,1,49
2021-05-11 01:52:55,27.54,7.142779981,2021,5,11,1,52
2021-05-11 01:55:54,27.54,7.1482163048,2021,5,11,1,55
2021-05-11 01:58:55,27.52,7.1684008826,2021,5,11,1,58
2021-05-11 02:01:54,27.53,7.1823243395,2021,5,11,2,1
2021-05-11 02:04:55,27.51,7.1811880835,2021,5,11,2,4
2021-05-11 02:07:55,27.54,7.2043106483,2021,5,11,2,7
2021-05-11 02:10:55,27.51,7.2124693192,2021,5,11,2,10
2021-05-11 02:13:55,27.5,7.2187699854,2021,5,11,2,13
2021-05-11 02:16:55,27.5,7.2223381303,2021,5,11,2,16
2021-05-11 02:19:55,27.49,7.2250940606,2021,5,11,2,19
2021-05-11 02:22:54,27.48,7.2156333369,2021,5,11,2,22
2021-05-11 02:25:55,27.5,7.1986078729,2021,5,11,2,25
2021-05-11 02:28:55,271.48,7.1704931345,2021,5,11,2,28
2021-05-11 02:31:55,271.48,6.9256260007,2021,5,11,2,31
2021-05-11 02:34:54,271.48,6.5992064017,2021,5,11,2,34
2021-05-11 02:37:55,271.48,6.1599444049,2021,5,11,2,37
2021-05-11 02:40:54,271.48,5.5165565682,2021,5,11,2,40
2021-05-11 02:43:55,271.48,4.3712593819,2021,5,11,2,43
2021-05-11 12:19:54,39.42,1.3811721364,2021,5,11,12,19
2021-05-11 12:34:54,38.02,1.3449248333,2021,5,11,12,34
2021-05-11 12:40:54,38.14,1.3973084163,2021,5,11,12,40
2021-05-11 12:46:55,39.19,1.3708438835,2021,5,11,12,46
2021-05-12 11:22:54,37.96,1.3789801035,2021,5,12,11,22
2021-05-12 11:25:54,37.69,1.4091701597,2021,5,12,11,25
2021-05-12 11:28:54,37.89,1.4062400819,2021,5,12,11,28
2021-05-12 11:31:54,38.7,1.411247093,2021,5,12,11,31
2021-05-12 11:34:54,39.41,1.4517074746,2021,5,12,11,34
2021-05-12 11:37:54,40.01,1.4532283729,2021,5,12,11,37
2021-05-12 11:40:54,39.43,1.4877954195,2021,5,12,11,40
2021-05-12 11:43:54,39.11,1.4992908075,2021,5,12,11,43
2021-05-12 11:46:53,39.07,1.5339363169,2021,5,12,11,46
2021-05-12 11:49:54,38.67,1.5370438168,2021,5,12,11,49
2021-05-12 11:52:54,38.98,1.5508944334,2021,5,12,11,52
2021-05-12 11:55:54,39.16,1.5521086093,2021,5,12,11,55
2021-05-12 11:58:54,39.42,1.6218640064,2021,5,12,11,58
2021-05-12 12:01:54,40.28,1.584567688,2021,5,12,12,1
2021-05-12 12:04:53,40.48,1.6413727975,2021,5,12,12,4
2021-05-12 12:07:54,40.53,1.6397937608,2021,5,12,12,7
2021-05-12 12:10:54,41.11,1.5561858279,2021,5,12,12,10
2021-05-12 12:13:54,41.58,1.6161375193,2021,5,12,12,13
2021-05-12 12:16:53,41.21,1.5129166486,2021,5,12,12,16
2021-05-12 12:19:54,41.02,1.4664087392,2021,5,12,12,19
2021-05-12 12:22:53,41.59,1.4346323736,2021,5,12,12,22
2021-05-12 12:25:54,40.45,1.4340739313,2021,5,12,12,25
2021-05-12 12:28:53,40.52,1.3831570383,2021,5,12,12,28
2021-05-12 12:31:54,40.35,1.378267133,2021,5,12,12,31
2021-05-12 12:34:54,41.14,1.3942838045,2021,5,12,12,34
2021-05-28 11:41:43,39.86,1.352802906,2021,5,28,11,41
2021-05-28 11:44:43,39.37,1.3785575869,2021,5,28,11,44
2021-05-28 11:47:43,39.88,1.3898957856,2021,5,28,11,47
2021-05-28 11:50:43,39.79,1.3791910248,2021,5,28,11,50
2021-05-28 11:53:43,39.4,1.4115635382,2021,5,28,11,53
2021-05-28 11:56:43,39.7,1.4092771338,2021,5,28,11,56
2021-05-28 11:59:43,40.07,1.4428593071,2021,5,28,11,59
2021-05-28 12:02:43,40.32,1.4710133725,2021,5,28,12,2
2021-05-28 12:05:44,40.17,1.4798538444,2021,5,28,12,5
2021-05-28 12:08:43,39.94,1.4678291142,2021,5,28,12,8
2021-05-28 12:11:44,39.81,1.4724404681,2021,5,28,12,11
2021-05-28 12:14:43,40.38,1.471826222,2021,5,28,12,14
2021-05-28 12:17:44,40.89,1.4736131681,2021,5,28,12,17
2021-05-28 12:20:43,40.29,1.464537841,2021,5,28,12,20
2021-05-28 12:23:44,40.72,1.4679431888,2021,5,28,12,23
2021-05-28 12:26:43,40.34,1.4774701021,2021,5,28,12,26
2021-05-28 12:29:43,40.38,1.4741653432,2021,5,28,12,29
2021-05-28 12:32:43,40.31,1.4622058328,2021,5,28,12,32
2021-05-28 12:35:43,40.78,1.4718596666,2021,5,28,12,35
2021-05-28 12:38:43,40.86,1.4614409579,2021,5,28,12,38
2021-05-28 12:41:43,40.81,1.4323941989,2021,5,28,12,41
2021-05-28 12:44:43,39.97,1.405677801,2021,5,28,12,44
2021-05-28 12:47:43,40.15,1.4060017482,2021,5,28,12,47
2021-05-28 12:50:43,40.48,1.4002332285,2021,5,28,12,50
2021-05-28 12:53:43,40.63,1.3830237798,2021,5,28,12,53
2021-05-28 12:56:44,40.96,1.3878372977,2021,5,28,12,56
2021-05-28 12:59:43,40.93,1.3679816109,2021,5,28,12,59
2021-06-03 11:32:47,35.25,1.3693216745,2021,6,3,11,32
2021-06-03 11:35:47,35.61,1.4378180308,2021,6,3,11,35
2021-06-03 11:38:47,35.26,1.4372571227,2021,6,3,11,38
2021-06-03 11:41:47,35.67,1.3939772514,2021,6,3,11,41
2021-06-03 11:44:47,36.14,1.3429421455,2021,6,3,11,44
2021-06-03 12:17:47,39.26,1.406183666,2021,6,3,12,17
2021-06-03 12:20:47,39.72,1.4805027218,2021,6,3,12,20
2021-06-03 12:23:47,40.24,1.5173219274,2021,6,3,12,23
2021-06-03 12:26:47,40.82,1.5784355308,2021,6,3,12,26
2021-06-03 12:29:47,40.91,1.6042331935,2021,6,3,12,29
2021-06-03 12:32:47,39.97,1.6606883632,2021,6,3,12,32
2021-06-03 12:35:47,39.34,1.7212452002,2021,6,3,12,35
2021-06-03 12:38:47,39.31,1.7675170395,2021,6,3,12,38
2021-06-03 12:41:47,39.28,1.7896768362,2021,6,3,12,41
2021-06-03 12:44:47,39.71,1.8309804346,2021,6,3,12,44
2021-06-03 12:47:47,39.19,1.8552868099,2021,6,3,12,47
2021-06-03 12:50:47,39.22,1.8807060844,2021,6,3,12,50
2021-06-03 12:53:48,40.27,1.890577289,2021,6,3,12,53
2021-06-03 12:56:47,40.84,1.9415422265,2021,6,3,12,56
2021-06-03 13:02:47,40.48,2.0781933253,2021,6,3,13,2
2021-06-03 13:05:47,39.85,2.1636397663,2021,6,3,13,5
2021-06-03 13:08:47,40.56,2.2268634847,2021,6,3,13,8
2021-06-03 13:11:47,40.54,2.232168594,2021,6,3,13,11
2021-06-03 13:14:47,41.06,2.2418989904,2021,6,3,13,14
2021-06-03 13:17:47,41.78,2.2392695596,2021,6,3,13,17
2021-06-03 13:20:47,41.92,2.217301217,2021,6,3,13,20
2021-06-03 13:23:47,42.29,2.2080696149,2021,6,3,13,23
2021-06-03 13:26:47,42.44,2.1290802171,2021,6,3,13,26
2021-06-03 13:29:47,41.89,2.1331538795,2021,6,3,13,29
2021-06-03 13:32:47,42.69,2.0948138264,2021,6,3,13,32
2021-06-03 13:35:47,42.57,2.0019444864,2021,6,3,13,35
2021-06-03 13:38:47,42.03,1.8732870571,2021,6,3,13,38
2021-06-03 13:41:47,41.64,1.8513143401,2021,6,3,13,41
2021-06-03 13:44:47,41.74,1.8809414176,2021,6,3,13,44
2021-06-03 13:47:47,41.91,1.8314819002,2021,6,3,13,47
2021-06-03 13:50:47,41.7,1.8297491063,2021,6,3,13,50
2021-06-03 13:53:47,40.54,1.7022024741,2021,6,3,13,53
2021-06-03 13:56:47,41.03,1.6911229672,2021,6,3,13,56
2021-06-03 14:02:47,43.05,1.6044208908,2021,6,3,14,2
2021-06-03 14:05:47,43.3,1.4680770275,2021,6,3,14,5
2021-06-03 14:08:47,41.96,1.3850496243,2021,6,3,14,8
2021-06-08 14:23:43,38.74,1.3606853641,2021,6,8,14,23
2021-06-08 14:26:44,39.13,1.3507733941,2021,6,8,14,26
2021-06-08 14:29:43,39.42,1.3762994827,2021,6,8,14,29
2021-06-08 14:32:44,38.75,1.3790707006,2021,6,8,14,32
2021-06-08 14:35:43,39.26,1.4160951699,2021,6,8,14,35
2021-06-08 14:38:44,39.72,1.4016124189,2021,6,8,14,38
2021-06-08 14:41:43,40.34,1.4193137006,2021,6,8,14,41
2021-06-08 14:44:44,41.11,1.3899708672,2021,6,8,14,44
2021-06-08 14:50:44,38.99,1.3708247067,2021,6,8,14,50
2021-06-08 15:02:44,38.85,1.3457818962,2021,6,8,15,2
2021-06-08 15:05:44,39.57,1.3588298821,2021,6,8,15,5
2021-06-08 15:08:43,40.05,1.3463624052,2021,6,8,15,8
2021-06-17 13:30:43,39.47,1.347702002,2021,6,17,13,30
2021-06-17 13:36:43,40.25,1.3523597789,2021,6,17,13,36
2021-06-17 13:39:42,40.17,1.3757354165,2021,6,17,13,39
2021-06-17 13:42:43,40.51,1.3644794313,2021,6,17,13,42
2021-06-17 13:45:42,40.37,1.3666327285,2021,6,17,13,45
2021-06-17 13:48:42,40.21,1.3482121497,2021,6,17,13,48
2021-07-01 12:24:42,39.01,1.3599870728,2021,7,1,12,24
2021-07-01 12:27:43,39.81,1.3823278623,2021,7,1,12,27
2021-07-01 12:30:42,40.02,1.3673788584,2021,7,1,12,30
2021-07-01 12:36:42,39.46,1.3747157031,2021,7,1,12,36
2021-07-01 12:39:43,39.9,1.3947231453,2021,7,1,12,39
2021-07-01 12:42:42,40.21,1.392487928,2021,7,1,12,42
2021-07-01 12:45:43,40.74,1.3817539678,2021,7,1,12,45
2021-07-01 12:48:42,40.55,1.3801976392,2021,7,1,12,48
2021-07-01 12:51:43,40.31,1.394647167,2021,7,1,12,51
2021-07-01 12:54:42,39.84,1.3716834991,2021,7,1,12,54
2021-07-01 12:57:43,39.29,1.3579174173,2021,7,1,12,57
2021-07-01 13:03:42,39.7,1.3492503613,2021,7,1,13,3
2021-07-01 13:06:42,40.13,1.3432863596,2021,7,1,13,6
2021-07-01 13:09:42,40.14,1.3518913515,2021,7,1,13,9
2021-07-03 11:21:41,39.64,1.3748432895,2021,7,3,11,21
2021-07-03 11:24:41,39.96,1.3907488789,2021,7,3,11,24
2021-07-03 11:27:41,39.72,1.3689540414,2021,7,3,11,27
2021-07-03 11:30:41,38.9,1.3588061015,2021,7,3,11,30
2021-07-03 11:33:41,38.66,1.3717407749,2021,7,3,11,33
2021-07-03 11:36:42,38.21,1.363685286,2021,7,3,11,36
2021-07-03 11:39:41,38.13,1.4141765391,2021,7,3,11,39
2021-07-03 11:42:42,38.75,1.4249906522,2021,7,3,11,42
2021-07-03 11:45:41,39.0,1.4094478271,2021,7,3,11,45
2021-07-03 11:48:41,38.89,1.4105079572,2021,7,3,11,48
2021-07-03 11:51:41,39.68,1.4167289291,2021,7,3,11,51
2021-07-03 11:54:41,39.67,1.4091826362,2021,7,3,11,54
2021-07-03 11:57:41,39.79,1.4152604694,2021,7,3,11,57
2021-07-03 12:00:42,40.12,1.4347679715,2021,7,3,12,0
2021-07-03 12:03:41,40.6,1.4484144113,2021,7,3,12,3
2021-07-03 12:06:41,40.55,1.4298519107,2021,7,3,12,6
2021-07-03 12:09:42,40.73,1.3959536486,2021,7,3,12,9
2021-07-03 12:18:41,41.22,1.3691590975,2021,7,3,12,18
2021-07-03 12:48:42,38.2,1.4041865179,2021,7,3,12,48
2021-07-03 12:51:41,38.28,1.3891728628,2021,7,3,12,51
2021-07-03 12:54:42,39.07,1.3779688712,2021,7,3,12,54
2021-07-03 12:57:41,39.48,1.3810405285,2021,7,3,12,57
2021-07-03 13:00:41,39.66,1.3768535801,2021,7,3,13,0
2021-07-03 13:03:41,40.09,1.4214354013,2021,7,3,13,3
2021-07-03 13:06:41,40.46,1.3998618546,2021,7,3,13,6
2021-07-03 13:09:41,40.86,1.4018963315,2021,7,3,13,9
2021-07-03 13:12:41,40.17,1.3908747848,2021,7,3,13,12
2021-07-03 13:15:41,40.14,1.4154412472,2021,7,3,13,15
2021-07-03 13:18:41,39.73,1.3499959857,2021,7,3,13,18
2021-07-03 13:21:41,39.13,1.3579721689,2021,7,3,13,21
2021-07-03 13:24:41,39.04,1.4024835191,2021,7,3,13,24
2021-07-03 13:27:41,39.68,1.3684183639,2021,7,3,13,27
2021-07-03 13:30:41,40.06,1.3696564528,2021,7,3,13,30
2021-07-03 13:33:41,40.36,1.3921100673,2021,7,3,13,33
2021-07-03 13:36:41,40.43,1.4049554574,2021,7,3,13,36
2021-07-09 13:06:37,39.54,1.3559034661,2021,7,9,13,6
2021-07-09 13:09:38,39.7,1.3507776049,2021,7,9,13,9
2021-07-09 13:12:37,39.85,1.4250345595,2021,7,9,13,12
2021-07-09 13:15:38,39.76,1.4556836429,2021,7,9,13,15
2021-07-09 13:18:37,39.74,1.4749670117,2021,7,9,13,18
2021-07-09 13:21:38,39.33,1.4818147965,2021,7,9,13,21
2021-07-09 13:24:38,39.62,1.5033078063,2021,7,9,13,24
2021-07-09 13:27:38,40.1,1.5262315796,2021,7,9,13,27
2021-07-09 13:30:37,40.59,1.5617177509,2021,7,9,13,30
2021-07-09 13:33:38,40.86,1.5221184146,2021,7,9,13,33
2021-07-09 13:36:37,40.74,1.525761883,2021,7,9,13,36
2021-07-09 13:39:38,41.1,1.5219420106,2021,7,9,13,39
2021-07-09 13:42:37,40.16,1.4951227345,2021,7,9,13,42
2021-07-09 13:45:38,39.63,1.51231507,2021,7,9,13,45
2021-07-09 13:48:37,39.07,1.5033870259,2021,7,9,13,48
2021-07-09 13:51:38,39.27,1.5004482051,2021,7,9,13,51
2021-07-09 13:54:37,39.49,1.4777828703,2021,7,9,13,54
2021-07-09 13:57:38,39.72,1.6109520172,2021,7,9,13,57
2021-07-09 14:00:37,40.73,1.6201052983,2021,7,9,14,0
2021-07-09 14:03:38,40.95,1.5421456212,2021,7,9,14,3
2021-07-09 14:06:37,40.78,1.555274852,2021,7,9,14,6
2021-07-09 14:09:38,41.14,1.4732992059,2021,7,9,14,9
2021-07-09 14:12:37,41.48,1.4617714643,2021,7,9,14,12
2021-07-09 14:15:38,41.76,1.3690861341,2021,7,9,14,15
2021-07-09 14:36:37,39.46,1.3677891083,2021,7,9,14,36
2021-07-09 14:39:38,39.1,1.36664594,2021,7,9,14,39
2021-07-09 14:42:37,39.32,1.3644613887,2021,7,9,14,42
2021-07-09 14:45:38,39.69,1.3794350004,2021,7,9,14,45
2021-07-09 14:48:37,39.73,1.4274397061,2021,7,9,14,48
2021-07-09 14:51:38,39.79,1.4290118125,2021,7,9,14,51
2021-07-09 14:54:37,40.01,1.4233197769,2021,7,9,14,54
2021-07-09 14:57:38,39.26,1.4455289912,2021,7,9,14,57
2021-07-09 15:00:37,39.62,1.4385600225,2021,7,9,15,0
2021-07-09 15:03:38,39.57,1.4173676165,2021,7,9,15,3
2021-07-09 15:06:38,39.73,1.4188008262,2021,7,9,15,6
2021-07-09 15:09:37,40.11,1.4570736335,2021,7,9,15,9
2021-07-09 15:12:38,40.23,1.4678423904,2021,7,9,15,12
2021-07-09 15:15:37,40.24,1.4492874947,2021,7,9,15,15
2021-07-09 15:18:38,40.26,1.5002517308,2021,7,9,15,18
2021-07-09 15:21:37,40.43,1.4038405043,2021,7,9,15,21
2021-07-09 15:24:38,41.0,1.3936222292,2021,7,9,15,24
2021-07-09 15:27:37,41.64,1.3830222098,2021,7,9,15,27
2021-07-09 15:30:38,41.02,1.3831246599,2021,7,9,15,30
2021-07-09 15:36:38,40.42,1.3569999631,2021,7,9,15,36
2021-07-09 15:39:37,40.29,1.3569711829,2021,7,9,15,39
2021-07-09 15:42:38,39.76,1.3877497914,2021,7,9,15,42
2021-07-09 15:45:37,39.1,1.420053276,2021,7,9,15,45
2021-07-09 15:48:37,38.95,1.4405887103,2021,7,9,15,48
2021-07-09 15:51:38,39.24,1.4538620176,2021,7,9,15,51
2021-07-09 15:54:38,39.55,1.4745304623,2021,7,9,15,54
2021-07-09 15:57:38,39.66,1.5059139922,2021,7,9,15,57
2021-07-09 16:00:37,39.94,1.4978714465,2021,7,9,16,0
2021-07-09 16:03:38,39.47,1.5014248664,2021,7,9,16,3
2021-07-09 16:06:37,39.22,1.504538189,2021,7,9,16,6
2021-07-09 16:09:38,39.45,1.4810076764,2021,7,9,16,9
2021-07-09 16:12:37,39.96,1.5286205008,2021,7,9,16,12
2021-07-09 16:15:38,40.31,1.5547569476,2021,7,9,16,15
2021-07-09 16:18:38,40.73,1.5361697248,2021,7,9,16,18
2021-07-09 16:21:37,40.24,1.6047975463,2021,7,9,16,21
2021-07-09 16:24:38,40.72,1.6123676915,2021,7,9,16,24
2021-07-09 16:27:37,41.02,1.5645951603,2021,7,9,16,27
2021-07-09 16:30:38,40.97,1.4927375061,2021,7,9,16,30
2021-07-09 16:33:37,41.06,1.4674246099,2021,7,9,16,33
2021-07-09 16:36:38,41.32,1.3651137468,2021,7,9,16,36
2021-07-16 12:31:33,39.48,1.3507740564,2021,7,16,12,31
2021-07-16 12:37:33,39.81,1.3781394872,2021,7,16,12,37
2021-07-16 12:40:34,39.36,1.3895675586,2021,7,16,12,40
2021-07-16 12:43:33,39.81,1.3858906278,2021,7,16,12,43
2021-07-16 12:46:34,39.24,1.4391767005,2021,7,16,12,46
2021-07-16 12:49:33,39.73,1.4749771025,2021,7,16,12,49
2021-07-16 12:52:34,39.91,1.5385076605,2021,7,16,12,52
2021-07-16 12:55:33,39.62,1.5425308546,2021,7,16,12,55
2021-07-16 12:58:33,39.01,1.5460263771,2021,7,16,12,58
2021-07-16 13:01:33,39.16,1.5638126819,2021,7,16,13,1
2021-07-16 13:04:33,39.68,1.5847947513,2021,7,16,13,4
2021-07-16 13:07:33,40.39,1.6116555089,2021,7,16,13,7
2021-07-16 13:10:34,40.37,1.6203322878,2021,7,16,13,10
2021-07-16 13:13:33,40.61,1.6317493141,2021,7,16,13,13
2021-07-16 13:16:33,41.17,1.6378920678,2021,7,16,13,16
2021-07-16 13:19:33,40.88,1.6295432116,2021,7,16,13,19
2021-07-16 13:22:33,41.03,1.6270354257,2021,7,16,13,22
2021-07-16 13:25:33,40.64,1.6248748683,2021,7,16,13,25
2021-07-16 13:28:33,40.73,1.6313781402,2021,7,16,13,28
2021-07-16 13:31:34,40.39,1.7708541583,2021,7,16,13,31
2021-07-16 13:34:33,40.46,1.767607717,2021,7,16,13,34
2021-07-16 13:37:33,40.42,1.7294340036,2021,7,16,13,37
2021-07-16 13:40:33,41.07,1.7256226994,2021,7,16,13,40
2021-07-16 13:43:34,41.1,1.6884132434,2021,7,16,13,43
2021-07-16 13:46:33,41.28,1.7059724591,2021,7,16,13,46
2021-07-16 13:49:34,41.76,1.6752634416,2021,7,16,13,49
2021-07-16 13:52:33,41.52,1.6953028002,2021,7,16,13,52
2021-07-16 13:55:34,41.19,1.7030355041,2021,7,16,13,55
2021-07-16 13:58:33,40.7,1.6905903316,2021,7,16,13,58
2021-07-16 14:01:34,40.97,1.7062323537,2021,7,16,14,1
2021-07-16 14:04:33,41.15,1.7154660616,2021,7,16,14,4
2021-07-16 14:07:33,41.41,1.7460952033,2021,7,16,14,7
2021-07-16 14:10:33,41.25,1.8047080981,2021,7,16,14,10
2021-07-16 14:13:33,40.96,1.7629785289,2021,7,16,14,13
2021-07-16 14:16:33,40.92,1.7875052654,2021,7,16,14,16
2021-07-16 14:19:33,40.52,1.8487162469,2021,7,16,14,19
2021-07-16 14:22:33,41.02,1.8814887574,2021,7,16,14,22
2021-07-16 14:25:33,41.26,1.8295252528,2021,7,16,14,25
2021-07-16 14:28:34,41.07,1.8119474171,2021,7,16,14,28
2021-07-16 14:31:33,40.31,1.783138756,2021,7,16,14,31
2021-07-16 14:34:34,40.84,1.7847298792,2021,7,16,14,34
2021-07-16 14:37:33,41.69,1.8132650983,2021,7,16,14,37
2021-07-16 14:40:33,41.26,1.8960636396,2021,7,16,14,40
2021-07-16 14:43:33,41.09,1.8693916815,2021,7,16,14,43
2021-07-16 14:46:34,40.83,1.9011773049,2021,7,16,14,46
2021-07-16 14:49:33,40.98,1.8763885667,2021,7,16,14,49
2021-07-16 14:52:34,41.23,1.8477436782,2021,7,16,14,52
2021-07-16 14:55:33,42.02,1.8156844574,2021,7,16,14,55
2021-07-16 14:58:34,41.71,1.6816569916,2021,7,16,14,58
2021-07-16 15:01:33,42.29,1.6772865807,2021,7,16,15,1
2021-07-16 15:04:33,42.1,1.514635661,2021,7,16,15,4
2021-07-16 15:07:33,41.63,1.4617386039,2021,7,16,15,7
2021-07-25 11:49:26,39.42,1.3587263529,2021,7,25,11,49
2021-07-25 11:55:26,39.6,1.3664138902,2021,7,25,11,55
2021-07-25 11:58:26,39.64,1.3760052884,2021,7,25,11,58
2021-07-25 12:01:26,39.87,1.3700445609,2021,7,25,12,1
2021-07-25 12:04:25,39.98,1.3928228821,2021,7,25,12,4
2021-07-25 12:07:26,39.78,1.381301398,2021,7,25,12,7
2021-07-25 12:10:25,40.18,1.4410673307,2021,7,25,12,10
2021-07-25 12:13:26,40.21,1.4253588558,2021,7,25,12,13
2021-07-25 12:16:25,40.21,1.4338471598,2021,7,25,12,16
2021-07-25 12:19:26,40.01,1.4062548791,2021,7,25,12,19
2021-07-25 12:22:26,39.68,1.4447172573,2021,7,25,12,22
2021-07-25 12:25:26,40.34,1.4480169449,2021,7,25,12,25
2021-07-25 12:28:26,39.79,1.476933882,2021,7,25,12,28
2021-07-25 12:31:25,40.08,1.4916011965,2021,7,25,12,31
2021-07-25 12:34:26,40.22,1.4802144116,2021,7,25,12,34
2021-07-25 12:37:25,40.84,1.4745346789,2021,7,25,12,37
2021-07-25 12:40:26,39.81,1.4574466967,2021,7,25,12,40
2021-07-25 12:43:25,40.59,1.4834250271,2021,7,25,12,43
2021-07-25 12:46:26,40.79,1.4759414023,2021,7,25,12,46
2021-07-25 12:49:25,40.33,1.4725864321,2021,7,25,12,49
2021-07-25 12:52:26,40.62,1.5099058256,2021,7,25,12,52
2021-07-25 12:55:25,41.03,1.504818834,2021,7,25,12,55
2021-07-25 12:58:26,40.75,1.4994412896,2021,7,25,12,58
2021-07-25 13:01:25,40.45,1.5066548485,2021,7,25,13,1
2021-07-25 13:04:26,40.8,1.5139638477,2021,7,25,13,4
2021-07-25 13:07:26,40.38,1.5093253437,2021,7,25,13,7
2021-07-25 13:10:26,39.95,1.5403616352,2021,7,25,13,10
2021-07-25 13:13:26,40.31,1.580383821,2021,7,25,13,13
2021-07-25 13:16:25,40.28,1.5683351171,2021,7,25,13,16
2021-07-25 13:19:26,40.73,1.5881930188,2021,7,25,13,19
2021-07-25 13:22:25,41.14,1.5862682205,2021,7,25,13,22
2021-07-25 13:25:26,40.69,1.5766212185,2021,7,25,13,25
2021-07-25 13:28:25,40.88,1.5854796967,2021,7,25,13,28
2021-07-25 13:31:26,40.05,1.5892837993,2021,7,25,13,31
2021-07-25 13:34:25,40.45,1.6119641887,2021,7,25,13,34
2021-07-25 13:37:26,40.14,1.6347886849,2021,7,25,13,37
2021-07-25 13:40:25,40.71,1.7188206568,2021,7,25,13,40
2021-07-25 13:43:26,40.42,1.6550174633,2021,7,25,13,43
2021-07-25 13:46:25,40.88,1.7140458067,2021,7,25,13,46
2021-07-25 13:49:26,41.1,1.7192484974,2021,7,25,13,49
2021-07-25 13:52:25,40.73,1.6840429261,2021,7,25,13,52
2021-07-25 13:55:26,41.55,1.7264641699,2021,7,25,13,55
2021-07-25 13:58:25,41.01,1.6890679838,2021,7,25,13,58
2021-07-25 14:01:26,40.75,1.7212393617,2021,7,25,14,1
2021-07-25 14:04:26,41.49,1.7337822533,2021,7,25,14,4
2021-07-25 14:07:26,40.77,1.696851239,2021,7,25,14,7
2021-07-25 14:10:26,41.18,1.7255466152,2021,7,25,14,10
2021-07-25 14:13:25,41.13,1.7203205914,2021,7,25,14,13
2021-07-25 14:16:26,40.99,1.8273121796,2021,7,25,14,16
2021-07-25 14:19:26,41.05,1.7939874345,2021,7,25,14,19
2021-07-25 14:22:26,41.1,1.7467910855,2021,7,25,14,22
2021-07-25 14:25:26,41.09,1.8200951526,2021,7,25,14,25
2021-07-25 14:28:26,41.06,1.7352694147,2021,7,25,14,28
2021-07-25 14:31:26,41.35,1.7746354378,2021,7,25,14,31
2021-07-25 14:34:26,41.62,1.8015011612,2021,7,25,14,34
2021-07-25 14:37:26,41.1,1.7592400574,2021,7,25,14,37
2021-07-25 14:40:25,41.4,1.7704467851,2021,7,25,14,40
2021-07-25 14:43:26,40.94,1.7747800352,2021,7,25,14,43
2021-07-25 14:46:25,41.07,1.7318452476,2021,7,25,14,46
2021-07-25 14:49:26,41.74,1.6752800605,2021,7,25,14,49
2021-07-25 14:52:26,41.56,1.649749882,2021,7,25,14,52
2021-07-25 14:55:26,41.3,1.6628667787,2021,7,25,14,55
2021-07-25 14:58:26,41.37,1.6520566961,2021,7,25,14,58
2021-07-25 15:01:25,41.35,1.6204277113,2021,7,25,15,1
2021-07-25 15:04:26,41.03,1.6724322805,2021,7,25,15,4
2021-07-25 15:07:25,40.76,1.5832294322,2021,7,25,15,7
2021-07-25 15:10:26,40.93,1.5754251296,2021,7,25,15,10
2021-07-25 15:13:25,41.63,1.563149844,2021,7,25,15,13
2021-07-25 15:16:26,41.54,1.5167764804,2021,7,25,15,16
2021-07-25 15:19:25,41.25,1.5108442123,2021,7,25,15,19
2021-07-25 15:22:26,40.57,1.5085136761,2021,7,25,15,22
2021-07-25 15:25:25,40.75,1.5102307712,2021,7,25,15,25
2021-07-25 15:28:26,40.13,1.5064113257,2021,7,25,15,28
2021-07-25 15:31:25,40.61,1.5163771385,2021,7,25,15,31
2021-07-25 15:34:26,40.72,1.5148562378,2021,7,25,15,34
2021-07-25 15:37:25,39.83,1.5258949388,2021,7,25,15,37
2021-07-25 15:40:26,40.77,1.529574653,2021,7,25,15,40
2021-07-25 15:43:25,40.72,1.5233498171,2021,7,25,15,43
2021-07-25 15:46:26,41.01,1.5288957121,2021,7,25,15,46
2021-07-25 15:49:26,40.79,1.5247504511,2021,7,25,15,49
2021-07-25 15:52:25,40.77,1.5162968099,2021,7,25,15,52
2021-07-25 15:55:26,40.55,1.49964454,2021,7,25,15,55
2021-07-25 15:58:25,40.34,1.5049306134,2021,7,25,15,58
2021-07-25 16:01:26,40.53,1.5043183084,2021,7,25,16,1
2021-07-25 16:04:26,40.41,1.4917516064,2021,7,25,16,4
2021-07-25 16:07:25,40.59,1.4920102343,2021,7,25,16,7
2021-07-25 16:10:26,40.6,1.5081264923,2021,7,25,16,10
2021-07-25 16:13:25,40.88,1.5027144974,2021,7,25,16,13
2021-07-25 16:16:25,40.97,1.4531139414,2021,7,25,16,16
2021-07-25 16:19:26,41.06,1.4187818175,2021,7,25,16,19
2021-07-25 16:22:25,41.15,1.4052213411,2021,7,25,16,22
2021-07-25 16:25:26,40.97,1.3777756764,2021,7,25,16,25
2021-07-25 16:31:26,40.75,1.3477289569,2021,7,25,16,31
2021-07-26 11:07:25,39.44,1.3488104796,2021,7,26,11,7
2021-07-26 11:10:25,39.45,1.456611869,2021,7,26,11,10
2021-07-26 11:13:25,39.6,1.509920956,2021,7,26,11,13
2021-07-26 11:16:25,38.81,1.5632573619,2021,7,26,11,16
2021-07-26 11:19:25,39.0,1.6202155042,2021,7,26,11,19
2021-07-26 11:22:25,39.64,1.6664336068,2021,7,26,11,22
2021-07-26 11:25:26,39.74,1.7436459383,2021,7,26,11,25
2021-07-26 11:28:25,39.67,1.7975393047,2021,7,26,11,28
2021-07-26 11:31:25,39.7,1.8199100004,2021,7,26,11,31
2021-07-26 11:34:25,39.81,1.8685635165,2021,7,26,11,34
2021-07-26 11:37:25,40.05,1.9286566524,2021,7,26,11,37
2021-07-26 11:40:25,40.48,1.9532689988,2021,7,26,11,40
2021-07-26 11:43:26,39.87,2.0022314815,2021,7,26,11,43
2021-07-26 11:46:25,40.22,2.0510496939,2021,7,26,11,46
2021-07-26 11:49:25,40.85,2.1571813399,2021,7,26,11,49
2021-07-26 11:52:25,41.12,2.1809954635,2021,7,26,11,52
2021-07-26 11:55:25,40.8,2.2625378843,2021,7,26,11,55
2021-07-26 11:58:25,40.74,2.2933827213,2021,7,26,11,58
2021-07-26 12:01:25,40.81,2.3186744605,2021,7,26,12,1
2021-07-26 12:04:25,41.79,2.3270622776,2021,7,26,12,4
2021-07-26 12:07:25,42.35,2.3576898585,2021,7,26,12,7
2021-07-26 12:10:25,42.25,2.3359621221,2021,7,26,12,10
2021-07-26 12:13:25,41.74,2.3503736567,2021,7,26,12,13
2021-07-26 12:16:25,41.84,2.3507731668,2021,7,26,12,16
2021-07-26 12:19:25,42.11,2.3340895559,2021,7,26,12,19
2021-07-26 12:22:25,42.74,2.3187544789,2021,7,26,12,22
2021-07-26 12:25:25,42.61,2.2848383667,2021,7,26,12,25
2021-07-26 12:28:25,42.08,2.2518914865,2021,7,26,12,28
2021-07-26 12:31:25,42.48,2.2592057324,2021,7,26,12,31
2021-07-26 12:34:26,42.89,2.2352700071,2021,7,26,12,34
2021-07-26 12:37:25,42.1,2.1885712371,2021,7,26,12,37
2021-07-26 12:40:25,41.79,2.1862948315,2021,7,26,12,40
2021-07-26 12:43:25,41.95,2.1676678334,2021,7,26,12,43
2021-07-26 12:46:25,41.92,2.1604450153,2021,7,26,12,46
2021-07-26 12:49:25,42.46,2.1531491091,2021,7,26,12,49
2021-07-26 12:52:26,42.01,2.1247376554,2021,7,26,12,52
2021-07-26 12:55:25,42.43,2.1019937306,2021,7,26,12,55
2021-07-26 12:58:25,42.7,2.0437993494,2021,7,26,12,58
2021-07-26 13:01:25,41.97,1.9371195129,2021,7,26,13,1
2021-07-26 13:04:25,42.07,1.927523929,2021,7,26,13,4
2021-07-26 13:07:25,41.8,1.8976602238,2021,7,26,13,7
2021-07-26 13:10:25,42.1,1.9335480342,2021,7,26,13,10
2021-07-26 13:13:25,42.17,1.9688339187,2021,7,26,13,13
2021-07-26 13:16:25,41.02,1.8939485324,2021,7,26,13,16
2021-07-26 13:19:25,40.95,1.8330745942,2021,7,26,13,19
2021-07-26 13:22:25,41.42,1.9174886386,2021,7,26,13,22
2021-07-26 13:25:25,41.28,1.8722599786,2021,7,26,13,25
2021-07-26 13:28:25,41.72,1.8977918901,2021,7,26,13,28
2021-07-26 13:31:25,41.78,1.9615520024,2021,7,26,13,31
2021-07-26 13:34:25,40.78,1.931812582,2021,7,26,13,34
2021-07-26 13:37:25,41.29,1.9573678037,2021,7,26,13,37
2021-07-26 13:40:25,41.44,2.0297287807,2021,7,26,13,40
2021-07-26 13:43:25,41.07,2.0376366986,2021,7,26,13,43
2021-07-26 13:46:25,41.7,2.0774374581,2021,7,26,13,46
2021-07-26 13:49:25,41.51,2.0902431435,2021,7,26,13,49
2021-07-26 13:52:25,40.92,2.1311549702,2021,7,26,13,52
2021-07-26 13:55:25,41.69,2.0703404476,2021,7,26,13,55
2021-07-26 13:58:25,42.26,2.0790527474,2021,7,26,13,58
2021-07-26 14:01:25,41.79,2.1269302635,2021,7,26,14,1
2021-07-26 14:04:25,41.34,2.1794198673,2021,7,26,14,4
2021-07-26 14:07:25,41.32,2.1676879538,2021,7,26,14,7
2021-07-26 14:10:25,40.78,2.1811363405,2021,7,26,14,10
2021-07-26 14:13:25,41.16,2.1962759996,2021,7,26,14,13
2021-07-26 14:16:25,41.34,2.1648851889,2021,7,26,14,16
2021-07-26 14:19:26,41.73,2.1154960148,2021,7,26,14,19
2021-07-26 14:22:25,42.15,2.1113103085,2021,7,26,14,22
2021-07-26 14:25:25,41.76,2.1072412347,2021,7,26,14,25
2021-07-26 14:28:25,42.26,2.0798906704,2021,7,26,14,28
2021-07-26 14:31:25,42.11,2.087968569,2021,7,26,14,31
2021-07-26 14:34:25,41.64,1.9998692271,2021,7,26,14,34
2021-07-26 14:37:25,41.46,1.9723531369,2021,7,26,14,37
2021-07-26 14:40:25,42.48,1.9187906411,2021,7,26,14,40
2021-07-26 14:43:25,42.7,1.7767104527,2021,7,26,14,43
2021-07-26 14:46:25,43.03,1.6587759754,2021,7,26,14,46
2021-07-26 14:49:25,43.15,1.5339252387,2021,7,26,14,49
2021-07-26 14:52:25,42.24,1.4149043646,2021,7,26,14,52
2021-07-27 11:13:24,38.13,1.373565201,2021,7,27,11,13
2021-07-27 11:16:25,38.09,1.4405019133,2021,7,27,11,16
2021-07-27 11:19:24,38.2,1.5149071167,2021,7,27,11,19
2021-07-27 11:22:25,38.64,1.519837969,2021,7,27,11,22
2021-07-27 11:25:24,38.62,1.5624236491,2021,7,27,11,25
2021-07-27 11:28:25,39.17,1.6072190408,2021,7,27,11,28
2021-07-27 11:31:24,39.75,1.6294665012,2021,7,27,11,31
2021-07-27 11:34:25,39.28,1.6491559979,2021,7,27,11,34
2021-07-27 11:37:24,39.53,1.6620087221,2021,7,27,11,37
2021-07-27 11:40:25,40.24,1.6800039949,2021,7,27,11,40
2021-07-27 11:43:24,40.3,1.7207096503,2021,7,27,11,43
2021-07-27 11:46:25,40.09,1.7919156287,2021,7,27,11,46
2021-07-27 11:49:24,40.28,1.8499081498,2021,7,27,11,49
2021-07-27 11:52:24,40.72,1.929430425,2021,7,27,11,52
2021-07-27 11:55:25,40.93,2.0682581326,2021,7,27,11,55
2021-07-27 11:58:24,40.87,2.1447805849,2021,7,27,11,58
2021-07-27 12:01:25,40.79,2.1685108444,2021,7,27,12,1
2021-07-27 12:04:24,41.19,2.1753239106,2021,7,27,12,4
2021-07-27 12:07:25,40.88,2.2259465696,2021,7,27,12,7
2021-07-27 12:10:24,41.59,2.2737516111,2021,7,27,12,10
2021-07-27 12:13:25,42.03,2.292481916,2021,7,27,12,13
2021-07-27 12:16:24,41.66,2.2285753256,2021,7,27,12,16
2021-07-27 12:19:25,41.09,2.3041162648,2021,7,27,12,19
2021-07-27 12:22:24,41.2,2.341102077,2021,7,27,12,22
2021-07-27 12:25:25,41.65,2.4307698046,2021,7,27,12,25
2021-07-27 12:28:24,41.81,2.4404275473,2021,7,27,12,28
2021-07-27 12:31:25,41.07,2.4611441555,2021,7,27,12,31
2021-07-27 12:34:24,41.28,2.4662977712,2021,7,27,12,34
2021-07-27 12:37:24,41.49,2.4706886143,2021,7,27,12,37
2021-07-27 12:40:25,42.33,2.4667054235,2021,7,27,12,40
2021-07-27 12:43:24,42.97,2.4450489974,2021,7,27,12,43
2021-07-27 12:46:25,42.79,2.4067268964,2021,7,27,12,46
2021-07-27 12:49:24,42.94,2.3565143651,2021,7,27,12,49
2021-07-27 12:52:25,42.9,2.3098987732,2021,7,27,12,52
2021-07-27 12:55:25,43.28,2.2711936943,2021,7,27,12,55
2021-07-27 12:58:24,43.48,2.2133783366,2021,7,27,12,58
2021-07-27 13:01:25,42.92,2.1739206797,2021,7,27,13,1
2021-07-27 13:04:24,42.5,2.0776101435,2021,7,27,13,4
2021-07-27 13:07:25,42.01,2.0396593836,2021,7,27,13,7
2021-07-27 13:10:24,42.31,2.0051081407,2021,7,27,13,10
2021-07-27 13:13:25,42.22,1.9117011271,2021,7,27,13,13
2021-07-27 13:16:24,42.28,1.9610801964,2021,7,27,13,16
2021-07-27 13:19:25,42.91,1.8344227665,2021,7,27,13,19
2021-07-27 13:22:24,43.27,1.6995174967,2021,7,27,13,22
2021-07-27 13:25:25,42.06,1.6335775763,2021,7,27,13,25
2021-07-27 13:28:24,40.99,1.5420197104,2021,7,27,13,28
2021-07-27 13:31:24,41.41,1.5041263128,2021,7,27,13,31
2021-07-27 13:34:25,41.35,1.4749495766,2021,7,27,13,34
2021-07-27 13:37:24,40.88,1.4282027934,2021,7,27,13,37
2021-07-27 13:40:25,40.16,1.3830061864,2021,7,27,13,40
2021-07-27 13:43:24,39.79,1.3738272044,2021,7,27,13,43
2021-07-28 10:10:24,39.12,1.3576318867,2021,7,28,10,10
2021-07-28 10:13:24,39.22,1.408171104,2021,7,28,10,13
2021-07-28 10:16:24,39.56,1.4408107503,2021,7,28,10,16
2021-07-28 10:19:24,39.02,1.4631491648,2021,7,28,10,19
2021-07-28 10:22:24,39.18,1.4824360375,2021,7,28,10,22
2021-07-28 10:25:24,39.19,1.4543775246,2021,7,28,10,25
2021-07-28 10:28:24,39.17,1.4953235521,2021,7,28,10,28
2021-07-28 10:31:23,39.62,1.486731893,2021,7,28,10,31
2021-07-28 10:34:24,40.2,1.5216629058,2021,7,28,10,34
2021-07-28 10:37:24,40.42,1.5240502543,2021,7,28,10,37
2021-07-28 10:40:24,40.67,1.478514155,2021,7,28,10,40
2021-07-28 10:43:24,40.23,1.5196454005,2021,7,28,10,43
2021-07-28 10:46:24,39.65,1.5181141123,2021,7,28,10,46
2021-07-28 10:49:24,39.99,1.5423216533,2021,7,28,10,49
2021-07-28 10:52:24,40.55,1.5682276612,2021,7,28,10,52
2021-07-28 10:55:24,40.33,1.5025238661,2021,7,28,10,55
2021-07-28 10:58:24,40.66,1.5608426004,2021,7,28,10,58
2021-07-28 11:01:24,41.13,1.4735862133,2021,7,28,11,1
2021-07-28 11:04:24,41.31,1.4963505411,2021,7,28,11,4
2021-07-28 11:07:24,41.3,1.4088311077,2021,7,28,11,7
2021-07-28 11:10:24,41.16,1.4196510431,2021,7,28,11,10
2021-07-28 11:13:24,41.55,1.4554307546,2021,7,28,11,13
2021-07-28 11:16:24,40.52,1.4541803458,2021,7,28,11,16
2021-07-28 11:19:24,40.17,1.4248371926,2021,7,28,11,19
2021-07-28 11:22:24,39.49,1.4702660883,2021,7,28,11,22
2021-07-28 11:25:23,39.63,1.4935704724,2021,7,28,11,25
2021-07-28 11:28:24,39.73,1.5293003662,2021,7,28,11,28
2021-07-28 11:31:24,40.43,1.5631652177,2021,7,28,11,31
2021-07-28 11:34:24,40.78,1.6031111962,2021,7,28,11,34
2021-07-28 11:37:24,40.12,1.6200887686,2021,7,28,11,37
2021-07-28 11:40:24,39.36,1.6614528798,2021,7,28,11,40
2021-07-28 11:43:23,39.27,1.7013412346,2021,7,28,11,43
2021-07-28 11:46:24,39.07,1.7268008059,2021,7,28,11,46
2021-07-28 11:49:23,39.07,1.8011889031,2021,7,28,11,49
2021-07-28 11:52:24,39.32,1.7674806234,2021,7,28,11,52
2021-07-28 11:55:24,39.96,1.8419961111,2021,7,28,11,55
2021-07-28 11:58:24,40.3,1.9467410522,2021,7,28,11,58
2021-07-28 12:01:24,40.6,1.8458014312,2021,7,28,12,1
2021-07-28 12:04:24,41.25,1.8939789494,2021,7,28,12,4
2021-07-28 12:07:24,41.2,1.8863742456,2021,7,28,12,7
2021-07-28 12:10:23,40.84,1.833478336,2021,7,28,12,10
2021-07-28 12:13:24,41.73,1.908688249,2021,7,28,12,13
2021-07-28 12:16:24,41.67,1.8944519689,2021,7,28,12,16
2021-07-28 12:19:24,41.36,1.9006230537,2021,7,28,12,19
2021-07-28 12:22:24,41.54,1.9507182139,2021,7,28,12,22
2021-07-28 12:25:24,41.06,1.8930188112,2021,7,28,12,25
2021-07-28 12:28:24,41.61,1.938092267,2021,7,28,12,28
2021-07-28 12:31:24,42.05,1.8274984877,2021,7,28,12,31
2021-07-28 12:34:24,41.44,1.7119884092,2021,7,28,12,34
2021-07-28 12:37:24,41.78,1.6940744804,2021,7,28,12,37
2021-07-28 12:40:24,41.91,1.7214834377,2021,7,28,12,40
2021-07-28 12:43:23,41.71,1.6235598481,2021,7,28,12,43
2021-07-28 12:46:24,41.64,1.6004189937,2021,7,28,12,46
2021-07-28 12:49:23,41.15,1.5906508525,2021,7,28,12,49
2021-07-28 12:52:24,41.22,1.6375659459,2021,7,28,12,52
2021-07-28 12:55:24,41.28,1.666608254,2021,7,28,12,55
2021-07-28 12:58:24,41.01,1.7329110439,2021,7,28,12,58
2021-07-28 13:01:24,40.82,1.7512715863,2021,7,28,13,1
2021-07-28 13:04:24,40.83,1.7618201891,2021,7,28,13,4
2021-07-28 13:07:24,41.17,1.7662593135,2021,7,28,13,7
2021-07-28 13:10:24,40.72,1.784381986,2021,7,28,13,10
2021-07-28 13:13:24,40.58,1.8116673354,2021,7,28,13,13
2021-07-28 13:16:24,40.67,1.861441634,2021,7,28,13,16
2021-07-28 13:19:24,40.0,1.8699124704,2021,7,28,13,19
2021-07-28 13:22:23,39.74,1.8746297242,2021,7,28,13,22
2021-07-28 13:25:24,39.93,1.9370503755,2021,7,28,13,25
2021-07-28 13:28:24,40.79,1.9745593145,2021,7,28,13,28
2021-07-28 13:31:24,40.32,2.0409468812,2021,7,28,13,31
2021-07-28 13:34:23,40.27,2.0497765957,2021,7,28,13,34
2021-07-28 13:37:24,40.86,2.1030434094,2021,7,28,13,37
2021-07-28 13:40:23,41.39,2.050253195,2021,7,28,13,40
2021-07-28 13:43:24,41.35,2.0327047331,2021,7,28,13,43
2021-07-28 13:46:24,42.05,1.9513290008,2021,7,28,13,46
2021-07-28 13:49:24,42.27,1.859793283,2021,7,28,13,49
2021-07-28 13:52:24,42.66,1.8186873235,2021,7,28,13,52
2021-07-28 13:55:24,42.6,1.8653680723,2021,7,28,13,55
2021-07-28 13:58:24,42.39,1.82009071,2021,7,28,13,58
2021-07-28 14:01:24,41.66,1.7364785219,2021,7,28,14,1
2021-07-28 14:04:24,41.08,1.6198595724,2021,7,28,14,4
2021-07-28 14:07:24,41.16,1.5201639427,2021,7,28,14,7
2021-07-28 14:10:24,42.09,1.4539101411,2021,7,28,14,10
2021-07-28 14:13:23,42.64,1.3751015201,2021,7,28,14,13
2021-07-29 10:37:23,36.73,1.3515373517,2021,7,29,10,37
2021-07-30 11:29:23,39.37,1.3606192049,2021,7,30,11,29
2021-07-30 11:32:22,39.74,1.3616159777,2021,7,30,11,32
2021-07-30 11:35:23,39.06,1.3983827378,2021,7,30,11,35
2021-07-30 11:38:23,39.02,1.3783365489,2021,7,30,11,38
2021-07-30 11:41:23,39.24,1.4168958768,2021,7,30,11,41
2021-07-30 11:44:22,39.23,1.4050618755,2021,7,30,11,44
2021-07-30 11:47:23,39.92,1.3958862652,2021,7,30,11,47
2021-07-30 11:50:22,39.98,1.3955877362,2021,7,30,11,50
2021-07-30 11:53:23,39.75,1.4111517642,2021,7,30,11,53
2021-07-30 11:56:22,40.29,1.4560498182,2021,7,30,11,56
2021-07-30 11:59:23,40.38,1.4706913468,2021,7,30,11,59
2021-07-30 12:02:22,40.45,1.447650326,2021,7,30,12,2
2021-07-30 12:05:22,40.56,1.4256359256,2021,7,30,12,5
2021-07-30 12:08:23,40.96,1.4049432806,2021,7,30,12,8
2021-07-30 12:11:23,40.79,1.3664408791,2021,7,30,12,11
2021-07-30 12:14:22,40.86,1.3644732584,2021,7,30,12,14
2021-07-30 12:17:23,40.76,1.3503457167,2021,7,30,12,17
2021-07-31 07:41:22,30.23,1.3621928301,2021,7,31,7,41
2021-07-31 07:44:22,30.22,1.4484466867,2021,7,31,7,44
2021-07-31 07:47:22,30.33,1.434607955,2021,7,31,7,47
2021-07-31 07:50:23,30.57,1.4243279835,2021,7,31,7,50
2021-07-31 07:53:22,30.54,1.4219567705,2021,7,31,7,53
2021-07-31 07:56:22,30.35,1.3618981254,2021,7,31,7,56
2021-07-31 07:59:22,30.44,1.3925381689,2021,7,31,7,59
2021-07-31 08:02:22,30.55,1.3607885664,2021,7,31,8,2
